This is XeTeX, Version 3.141592653-2.6-0.999993 (MiKTeX 22.1) (preloaded format=xelatex 2026.5.3)  3 MAY 2026 04:17
entering extended mode
 restricted \write18 enabled.
 %&-line parsing enabled.
**./project_report.tex
(project_report.tex
LaTeX2e <2025-11-01>
L3 programming layer <2026-03-20>
(cpe-english-project.cls

LaTeX Warning: You have requested document class `cpe-english-project',
               but the document class provides `cpe-grad'.

Document Class: cpe-grad 2016/05/30 CPE,KMUTT latex class
(/Library/Application Support/MiKTeX/texmfs/install/tex/latex/base/report.cls
Document Class: report 2025/01/22 v1.4n Standard LaTeX document class
(/Library/Application Support/MiKTeX/texmfs/install/tex/latex/base/size10.clo
File: size10.clo 2025/01/22 v1.4n Standard LaTeX file (size option)
)
\c@part=\count271
\c@chapter=\count272
\c@section=\count273
\c@subsection=\count274
\c@subsubsection=\count275
\c@paragraph=\count276
\c@subparagraph=\count277
\c@figure=\count278
\c@table=\count279
\abovecaptionskip=\skip49
\belowcaptionskip=\skip50
\bibindent=\dimen150
)
Document Style `CPE thesis/report'.

(/Users/billy191/Library/Application Support/MiKTeX/texmfs/install/tex/latex/ge
ometry/geometry.sty
Package: geometry 2026/03/07 v6.0 Page Geometry

(/Library/Application Support/MiKTeX/texmfs/install/tex/latex/graphics/keyval.s
ty
Package: keyval 2022/05/29 v1.15 key=value parser (DPC)
\KV@toks@=\toks17
)
(/Library/Application Support/MiKTeX/texmfs/install/tex/generic/iftex/ifvtex.st
y
Package: ifvtex 2019/10/25 v1.7 ifvtex legacy package. Use iftex instead.

(/Library/Application Support/MiKTeX/texmfs/install/tex/generic/iftex/iftex.sty
Package: iftex 2024/12/12 v1.0g TeX engine tests
))
\Gm@cnth=\count280
\Gm@cntv=\count281
\c@Gm@tempcnt=\count282
\Gm@bindingoffset=\dimen151
\Gm@wd@mp=\dimen152
\Gm@odd@mp=\dimen153
\Gm@even@mp=\dimen154
\Gm@layoutwidth=\dimen155
\Gm@layoutheight=\dimen156
\Gm@layouthoffset=\dimen157
\Gm@layoutvoffset=\dimen158
\Gm@dimlist=\toks18

(/Users/billy191/Library/Application Support/MiKTeX/texmfs/install/tex/latex/ge
ometry/geometry.cfg))
(/Library/Application Support/MiKTeX/texmfs/install/tex/latex/graphics/graphicx
.sty
Package: graphicx 2024/12/31 v1.2e Enhanced LaTeX Graphics (DPC,SPQR)

(/Library/Application Support/MiKTeX/texmfs/install/tex/latex/graphics/graphics
.sty
Package: graphics 2024/08/06 v1.4g Standard LaTeX Graphics (DPC,SPQR)

(/Library/Application Support/MiKTeX/texmfs/install/tex/latex/graphics/trig.sty
Package: trig 2023/12/02 v1.11 sin cos tan (DPC)
)
(/Library/Application Support/MiKTeX/texmfs/install/tex/latex/graphics-cfg/grap
hics.cfg
File: graphics.cfg 2016/06/04 v1.11 sample graphics configuration
)
Package graphics Info: Driver file: xetex.def on input line 106.

(/Library/Application Support/MiKTeX/texmfs/install/tex/latex/graphics-def/xete
x.def
File: xetex.def 2025/11/01 v5.0p Graphics/color driver for xetex
))
\Gin@req@height=\dimen159
\Gin@req@width=\dimen160
)
(/Library/Application Support/MiKTeX/texmfs/install/tex/latex/tools/array.sty
Package: array 2025/09/25 v2.6n Tabular extension package (FMi)
\col@sep=\dimen161
\ar@mcellbox=\box53
\extrarowheight=\dimen162
\NC@list=\toks19
\extratabsurround=\skip51
\backup@length=\skip52
\ar@cellbox=\box54
)
(/Library/Application Support/MiKTeX/texmfs/install/tex/latex/amsfonts/amsfonts
.sty
Package: amsfonts 2013/01/14 v3.01 Basic AMSFonts support
\@emptytoks=\toks20
\symAMSa=\mathgroup4
\symAMSb=\mathgroup5
LaTeX Font Info:    Redeclaring math symbol \hbar on input line 98.
LaTeX Font Info:    Overwriting math alphabet `\mathfrak' in version `bold'
(Font)                  U/euf/m/n --> U/euf/b/n on input line 106.
)
(/Library/Application Support/MiKTeX/texmfs/install/tex/latex/amsmath/amsmath.s
ty
Package: amsmath 2025/07/09 v2.17z AMS math features
\@mathmargin=\skip53

For additional information on amsmath, use the `?' option.

(/Library/Application Support/MiKTeX/texmfs/install/tex/latex/amsmath/amstext.s
ty
Package: amstext 2024/11/17 v2.01 AMS text

(/Library/Application Support/MiKTeX/texmfs/install/tex/latex/amsmath/amsgen.st
y
File: amsgen.sty 1999/11/30 v2.0 generic functions
\@emptytoks=\toks21
\ex@=\dimen163
))
(/Library/Application Support/MiKTeX/texmfs/install/tex/latex/amsmath/amsbsy.st
y
Package: amsbsy 1999/11/29 v1.2d Bold Symbols
\pmbraise@=\dimen164
)
(/Library/Application Support/MiKTeX/texmfs/install/tex/latex/amsmath/amsopn.st
y
Package: amsopn 2022/04/08 v2.04 operator names
)
\inf@bad=\count283
LaTeX Info: Redefining \frac on input line 233.
\uproot@=\count284
\leftroot@=\count285
LaTeX Info: Redefining \overline on input line 398.
LaTeX Info: Redefining \colon on input line 409.
\classnum@=\count286
\DOTSCASE@=\count287
LaTeX Info: Redefining \ldots on input line 495.
LaTeX Info: Redefining \dots on input line 498.
LaTeX Info: Redefining \cdots on input line 619.
\Mathstrutbox@=\box55
\strutbox@=\box56
LaTeX Info: Redefining \big on input line 721.
LaTeX Info: Redefining \Big on input line 722.
LaTeX Info: Redefining \bigg on input line 723.
LaTeX Info: Redefining \Bigg on input line 724.
\big@size=\dimen165
LaTeX Font Info:    Redeclaring font encoding OML on input line 742.
LaTeX Font Info:    Redeclaring font encoding OMS on input line 743.
\macc@depth=\count288
LaTeX Info: Redefining \bmod on input line 904.
LaTeX Info: Redefining \pmod on input line 909.
LaTeX Info: Redefining \smash on input line 939.
LaTeX Info: Redefining \relbar on input line 969.
LaTeX Info: Redefining \Relbar on input line 970.
\c@MaxMatrixCols=\count289
\dotsspace@=\muskip17
\c@parentequation=\count290
\dspbrk@lvl=\count291
\tag@help=\toks22
\row@=\count292
\column@=\count293
\maxfields@=\count294
\andhelp@=\toks23
\eqnshift@=\dimen166
\alignsep@=\dimen167
\tagshift@=\dimen168
\tagwidth@=\dimen169
\totwidth@=\dimen170
\lineht@=\dimen171
\@envbody=\toks24
\multlinegap=\skip54
\multlinetaggap=\skip55
\mathdisplay@stack=\toks25
LaTeX Info: Redefining \[ on input line 2950.
LaTeX Info: Redefining \] on input line 2951.
)
(/Users/billy191/Library/Application Support/MiKTeX/texmfs/install/tex/xelatex/
mathspec/mathspec.sty
Package: mathspec 2016/12/22 v0.2b LaTeX Package (Mathematics font selection fo
r XeLaTeX)

(/Library/Application Support/MiKTeX/texmfs/install/tex/latex/etoolbox/etoolbox
.sty
Package: etoolbox 2025/10/02 v2.5m e-TeX tools for LaTeX (JAW)
\etb@tempcnta=\count295
)
(/Library/Application Support/MiKTeX/texmfs/install/tex/generic/iftex/ifxetex.s
ty
Package: ifxetex 2019/10/25 v0.7 ifxetex legacy package. Use iftex instead.
)
(/Library/Application Support/MiKTeX/texmfs/install/tex/latex/fontspec/fontspec
.sty
(/Library/Application Support/MiKTeX/texmfs/install/tex/latex/l3packages/xparse
/xparse.sty
(/Library/Application Support/MiKTeX/texmfs/install/tex/latex/l3kernel/expl3.st
y
Package: expl3 2026-03-20 L3 programming layer (loader) 

(/Library/Application Support/MiKTeX/texmfs/install/tex/latex/l3backend/l3backe
nd-xetex.def
File: l3backend-xetex.def 2026-02-18 L3 backend support: XeTeX
\g__graphics_track_int=\count296
\g__pdfannot_backend_int=\count297
\g__pdfannot_backend_link_int=\count298
))
Package: xparse 2025-10-09 L3 Experimental document command parser
)
Package: fontspec 2025/09/29 v2.9g Font selection for XeLaTeX and LuaLaTeX

(/Library/Application Support/MiKTeX/texmfs/install/tex/latex/fontspec/fontspec
-xetex.sty
Package: fontspec-xetex 2025/09/29 v2.9g Font selection for XeLaTeX and LuaLaTe
X
\l__fontspec_script_int=\count299
\l__fontspec_language_int=\count300
\l__fontspec_strnum_int=\count301
\l__fontspec_tmp_int=\count302
\l__fontspec_tmpa_int=\count303
\l__fontspec_tmpb_int=\count304
\l__fontspec_tmpc_int=\count305
\l__fontspec_em_int=\count306
\l__fontspec_emdef_int=\count307
\l__fontspec_strong_int=\count308
\l__fontspec_strongdef_int=\count309
\l__fontspec_tmpa_dim=\dimen172
\l__fontspec_tmpb_dim=\dimen173
\l__fontspec_tmpc_dim=\dimen174

(/Library/Application Support/MiKTeX/texmfs/install/tex/latex/base/fontenc.sty
Package: fontenc 2025/07/18 v2.1d Standard LaTeX package
)
(/Library/Application Support/MiKTeX/texmfs/install/tex/latex/fontspec/fontspec
.cfg)))
(/Library/Application Support/MiKTeX/texmfs/install/tex/latex/xkeyval/xkeyval.s
ty
Package: xkeyval 2022/06/16 v2.9 package option processing (HA)

(/Library/Application Support/MiKTeX/texmfs/install/tex/generic/xkeyval/xkeyval
.tex
(/Library/Application Support/MiKTeX/texmfs/install/tex/generic/xkeyval/xkvutil
s.tex
\XKV@toks=\toks26
\XKV@tempa@toks=\toks27
)
\XKV@depth=\count310
File: xkeyval.tex 2014/12/03 v2.7a key=value parser (HA)
))
\c@eu@=\count311
\c@eu@i=\count312
\c@mkern=\count313
)
(/Users/billy191/Library/Application Support/MiKTeX/texmfs/install/tex/xelatex/
xunicode/xunicode.sty
File: xunicode.sty 2011/09/09 v0.981 provides access to latin accents and many 
other characters in Unicode lower plane

(/Users/billy191/Library/Application Support/MiKTeX/texmfs/install/tex/latex/ti
pa/t3enc.def
File: t3enc.def 2001/12/31 T3 encoding
)
\tipaTiiicode=\count314
\tipasavetokens=\toks28
\tipachecktokens=\toks29
LaTeX Encoding Info:    Redeclaring text command \nobreakspace (encoding TU) on
 input line 1725.
LaTeX Encoding Info:    Redeclaring text command \copyright (encoding TU) on in
put line 1739.
LaTeX Encoding Info:    Redeclaring text command \AA (encoding TU) on input lin
e 1785.
LaTeX Encoding Info:    Redeclaring text command \aa (encoding TU) on input lin
e 1842.
LaTeX Encoding Info:    Redeclaring text command \textrhookopeno (encoding TU) 
on input line 3119.
LaTeX Encoding Info:    Redeclaring text command \textaolig (encoding TU) on in
put line 3729.
)
(/Users/billy191/Library/Application Support/MiKTeX/texmfs/install/tex/latex/xl
txtra/xltxtra.sty
Package: xltxtra 2018/12/31 v0.7 Improvements for the "XeLaTeX" format

(/Library/Application Support/MiKTeX/texmfs/install/tex/generic/iftex/ifluatex.
sty
Package: ifluatex 2019/10/25 v1.5 ifluatex legacy package. Use iftex instead.
)
(/Users/billy191/Library/Application Support/MiKTeX/texmfs/install/tex/latex/re
alscripts/realscripts.sty
Package: realscripts 2016/02/13 v0.3d Access OpenType subscripts and superscrip
ts
\subsupersep=\dimen175
)
(/Users/billy191/Library/Application Support/MiKTeX/texmfs/install/tex/latex/me
talogo/metalogo.sty
Package: metalogo 2010/05/29 v0.12 Extended TeX logo macros
\xl@everylogo=\toks30
\xl@@everylogo=\toks31
LaTeX Info: Redefining \TeX on input line 193.
LaTeX Info: Redefining \LaTeX on input line 202.
LaTeX Info: Redefining \LaTeXe on input line 219.
)
\l__xetex_show_hyphens_wrapping_box=\box57
\l__xetex_show_hyphens_temp_box=\box58
\l__xetex_show_hyphens_final_box=\box59
\g__xetex_show_hyphens_word_box=\box60
)
(/Library/Application Support/MiKTeX/texmfs/install/tex/latex/url/url.sty
\Urlmuskip=\muskip18
Package: url 2013/09/16  ver 3.4  Verb mode for urls, etc.
)
(/Library/Application Support/MiKTeX/texmfs/install/tex/latex/hyperref/hyperref
.sty
Package: hyperref 2026-04-24 v7.01q Hypertext links for LaTeX

(/Users/billy191/Library/Application Support/MiKTeX/texmfs/install/tex/latex/kv
setkeys/kvsetkeys.sty
Package: kvsetkeys 2022-10-05 v1.19 Key value parser (HO)
)
(/Users/billy191/Library/Application Support/MiKTeX/texmfs/install/tex/generic/
kvdefinekeys/kvdefinekeys.sty
Package: kvdefinekeys 2019-12-19 v1.6 Define keys (HO)
)
(/Users/billy191/Library/Application Support/MiKTeX/texmfs/install/tex/generic/
pdfescape/pdfescape.sty
Package: pdfescape 2019/12/09 v1.15 Implements pdfTeX's escape features (HO)

(/Users/billy191/Library/Application Support/MiKTeX/texmfs/install/tex/generic/
ltxcmds/ltxcmds.sty
Package: ltxcmds 2023-12-04 v1.26 LaTeX kernel commands for general use (HO)
)
(/Library/Application Support/MiKTeX/texmfs/install/tex/generic/pdftexcmds/pdft
excmds.sty
Package: pdftexcmds 2020-06-27 v0.33 Utility functions of pdfTeX for LuaTeX (HO
)

(/Users/billy191/Library/Application Support/MiKTeX/texmfs/install/tex/generic/
infwarerr/infwarerr.sty
Package: infwarerr 2019/12/03 v1.5 Providing info/warning/error messages (HO)
)
Package pdftexcmds Info: \pdf@primitive is available.
Package pdftexcmds Info: \pdf@ifprimitive is available.
Package pdftexcmds Info: \pdfdraftmode not found.
))
(/Users/billy191/Library/Application Support/MiKTeX/texmfs/install/tex/latex/hy
color/hycolor.sty
Package: hycolor 2020-01-27 v1.10 Color options for hyperref/bookmark (HO)
)
(/Library/Application Support/MiKTeX/texmfs/install/tex/latex/hyperref/nameref.
sty
Package: nameref 2026-01-29 v2.58 Cross-referencing by name of section

(/Users/billy191/Library/Application Support/MiKTeX/texmfs/install/tex/latex/re
fcount/refcount.sty
Package: refcount 2019/12/15 v3.6 Data extraction from label references (HO)
)
(/Users/billy191/Library/Application Support/MiKTeX/texmfs/install/tex/generic/
gettitlestring/gettitlestring.sty
Package: gettitlestring 2019/12/15 v1.6 Cleanup title references (HO)

(/Users/billy191/Library/Application Support/MiKTeX/texmfs/install/tex/latex/kv
options/kvoptions.sty
Package: kvoptions 2022-06-15 v3.15 Key value format for package options (HO)
))
\c@section@level=\count315
)
(/Users/billy191/Library/Application Support/MiKTeX/texmfs/install/tex/generic/
stringenc/stringenc.sty
Package: stringenc 2019/11/29 v1.12 Convert strings between diff. encodings (HO
)
)
\@linkdim=\dimen176
\Hy@linkcounter=\count316
\Hy@pagecounter=\count317

(/Library/Application Support/MiKTeX/texmfs/install/tex/latex/hyperref/pd1enc.d
ef
File: pd1enc.def 2026-04-24 v7.01q Hyperref: PDFDocEncoding definition (HO)
)
(/Users/billy191/Library/Application Support/MiKTeX/texmfs/install/tex/generic/
intcalc/intcalc.sty
Package: intcalc 2019/12/15 v1.3 Expandable calculations with integers (HO)
)
\Hy@SavedSpaceFactor=\count318

(/Library/Application Support/MiKTeX/texmfs/install/tex/latex/hyperref/puenc.de
f
File: puenc.def 2026-04-24 v7.01q Hyperref: PDF Unicode definition (HO)

(/Users/billy191/Library/Application Support/MiKTeX/texmfs/install/tex/latex/gr
eek-fontenc/puenc-greek.def
File: puenc-greek.def 2023-09-12 2.5 Greek LICRs for PDF strings

(/Users/billy191/Library/Application Support/MiKTeX/texmfs/install/tex/latex/gr
eek-fontenc/greek-fontenc.def
File: greek-fontenc.def 2023-09-12 2.5 Common Greek font encoding definitions
)
LaTeX Encoding Info:    Redeclaring text command \textmu (encoding PU) on input
 line 179.
)
LaTeX Encoding Info:    Redeclaring text command \textohm (encoding PU) on inpu
t line 1176.
)
Package hyperref Info: Hyper figures OFF on input line 4199.
Package hyperref Info: Link nesting OFF on input line 4204.
Package hyperref Info: Hyper index ON on input line 4207.
Package hyperref Info: Plain pages OFF on input line 4214.
Package hyperref Info: Backreferencing OFF on input line 4219.
Package hyperref Info: Implicit mode ON; LaTeX internals redefined.
Package hyperref Info: Bookmarks ON on input line 4466.
\c@Hy@tempcnt=\count319
LaTeX Info: Redefining \url on input line 4805.
\XeTeXLinkMargin=\dimen177

(/Users/billy191/Library/Application Support/MiKTeX/texmfs/install/tex/generic/
bitset/bitset.sty
Package: bitset 2019/12/09 v1.3 Handle bit-vector datatype (HO)

(/Users/billy191/Library/Application Support/MiKTeX/texmfs/install/tex/generic/
bigintcalc/bigintcalc.sty
Package: bigintcalc 2019/12/15 v1.5 Expandable calculations on big integers (HO
)
))
\Fld@menulength=\count320
\Field@Width=\dimen178
\Fld@charsize=\dimen179
Package hyperref Info: Hyper figures OFF on input line 6091.
Package hyperref Info: Link nesting OFF on input line 6096.
Package hyperref Info: Hyper index ON on input line 6099.
Package hyperref Info: backreferencing OFF on input line 6106.
Package hyperref Info: Link coloring OFF on input line 6111.
Package hyperref Info: Link coloring with OCG OFF on input line 6116.
Package hyperref Info: PDF/A mode OFF on input line 6121.
\Hy@abspage=\count321
\c@Item=\count322
\c@Hfootnote=\count323
)
Package hyperref Info: Driver (autodetected): hxetex.

(/Library/Application Support/MiKTeX/texmfs/install/tex/latex/hyperref/hxetex.d
ef
File: hxetex.def 2026-04-24 v7.01q Hyperref driver for XeTeX
\pdfm@box=\box61
\c@Hy@AnnotLevel=\count324
\HyField@AnnotCount=\count325
\Fld@listcount=\count326
\c@bookmark@seq@number=\count327

(/Users/billy191/Library/Application Support/MiKTeX/texmfs/install/tex/latex/re
runfilecheck/rerunfilecheck.sty
Package: rerunfilecheck 2025-06-21 v1.11 Rerun checks for auxiliary files (HO)

(/Users/billy191/Library/Application Support/MiKTeX/texmfs/install/tex/generic/
uniquecounter/uniquecounter.sty
Package: uniquecounter 2019/12/15 v1.4 Provide unlimited unique counter (HO)
)
Package uniquecounter Info: New unique counter `rerunfilecheck' on input line 2
84.
)
\Hy@SectionHShift=\skip56
)
Package hyperref Info: Option `linktocpage' set `true' on input line 49.
Package hyperref Info: Option `colorlinks' set `true' on input line 49.
\bibindent=\dimen180

(/Library/Application Support/MiKTeX/texmfs/install/tex/latex/base/latexsym.sty
Package: latexsym 1998/08/17 v2.2e Standard LaTeX package (lasy symbols)
\symlasy=\mathgroup6
LaTeX Font Info:    Overwriting symbol font `lasy' in version `bold'
(Font)                  U/lasy/m/n --> U/lasy/b/n on input line 52.
)
\c@definition=\count328
)
(/Users/billy191/Library/Application Support/MiKTeX/texmfs/install/tex/latex/fl
oat/float.sty
Package: float 2001/11/08 v1.3d Float enhancements (AL)
\c@float@type=\count329
\float@exts=\toks32
\float@box=\box62
\@float@everytoks=\toks33
\@floatcapt=\box63
)
(/Users/billy191/Library/Application Support/MiKTeX/texmfs/install/tex/latex/ul
em/ulem.sty
\UL@box=\box64
\UL@hyphenbox=\box65
\UL@skip=\skip57
\UL@hook=\toks34
\UL@height=\dimen181
\UL@pe=\count330
\UL@pixel=\dimen182
\ULC@box=\box66
Package: ulem 2019/11/18
\ULdepth=\dimen183
)
(/Users/billy191/Library/Application Support/MiKTeX/texmfs/install/tex/generic/
soul/soul.sty
Package: soul 2026-03-06 v3.2 Permit use of UTF-8 characters in soul (HO)

(/Users/billy191/Library/Application Support/MiKTeX/texmfs/install/tex/generic/
soul/soul-ori.sty
Package: soul-ori 2026-03-06 v3.2 letterspacing/underlining (mf)
\SOUL@word=\toks35
\SOUL@lasttoken=\toks36
\SOUL@syllable=\toks37
\SOUL@cmds=\toks38
\SOUL@buffer=\toks39
\SOUL@token=\toks40
\SOUL@syllgoal=\dimen184
\SOUL@syllwidth=\dimen185
\SOUL@charkern=\dimen186
\SOUL@hyphkern=\dimen187
\SOUL@dimen=\dimen188
\SOUL@dimeni=\dimen189
\SOUL@minus=\count331
\SOUL@comma=\count332
\SOUL@apo=\count333
\SOUL@grave=\count334
\SOUL@spaceskip=\skip58
\SOUL@ttwidth=\dimen190
\SOUL@uldp=\dimen191
\SOUL@ulht=\dimen192
)
(/Users/billy191/Library/Application Support/MiKTeX/texmfs/install/tex/generic/
etexcmds/etexcmds.sty
Package: etexcmds 2019/12/15 v1.7 Avoid name clashes with e-TeX commands (HO)
))
(/Library/Application Support/MiKTeX/texmfs/install/tex/latex/tools/longtable.s
ty
Package: longtable 2025-10-13 v4.24 Multi-page Table package (DPC)
\LTleft=\skip59
\LTright=\skip60
\LTpre=\skip61
\LTpost=\skip62
\LTchunksize=\count335
\LTcapwidth=\dimen193
\LT@head=\box67
\LT@firsthead=\box68
\LT@foot=\box69
\LT@lastfoot=\box70
\LT@gbox=\box71
\LT@cols=\count336
\LT@rows=\count337
\c@LT@tables=\count338
\c@LT@chunks=\count339
\LT@p@ftn=\toks41
)
(/Users/billy191/Library/Application Support/MiKTeX/texmfs/install/tex/latex/bo
oktabs/booktabs.sty
Package: booktabs 2020/01/12 v1.61803398 Publication quality tables
\heavyrulewidth=\dimen194
\lightrulewidth=\dimen195
\cmidrulewidth=\dimen196
\belowrulesep=\dimen197
\belowbottomsep=\dimen198
\aboverulesep=\dimen199
\abovetopsep=\dimen256
\cmidrulesep=\dimen257
\cmidrulekern=\dimen258
\defaultaddspace=\dimen259
\@cmidla=\count340
\@cmidlb=\count341
\@aboverulesep=\dimen260
\@belowrulesep=\dimen261
\@thisruleclass=\count342
\@lastruleclass=\count343
\@thisrulewidth=\dimen262
)
(/Users/billy191/Library/Application Support/MiKTeX/texmfs/install/tex/latex/mu
ltirow/multirow.sty
Package: multirow 2024/11/12 v2.9 Span multiple rows of a table
\multirow@colwidth=\skip63
\multirow@cntb=\count344
\multirow@dima=\skip64
\bigstrutjot=\dimen263
)
(/Library/Application Support/MiKTeX/texmfs/install/tex/latex/tools/calc.sty
Package: calc 2025/03/01 v4.3b Infix arithmetic (KKT,FJ)
\calc@Acount=\count345
\calc@Bcount=\count346
\calc@Adimen=\dimen264
\calc@Bdimen=\dimen265
\calc@Askip=\skip65
\calc@Bskip=\skip66
LaTeX Info: Redefining \setlength on input line 86.
LaTeX Info: Redefining \addtolength on input line 87.
\calc@Ccount=\count347
\calc@Cskip=\skip67
)
(/Users/billy191/Library/Application Support/MiKTeX/texmfs/install/tex/latex/en
umitem/enumitem.sty
Package: enumitem 2025/02/06 v3.11 Customized lists
\labelindent=\skip68
\enit@outerparindent=\dimen266
\enit@toks=\toks42
\enit@inbox=\box72
\enit@count@id=\count348
\enitdp@description=\count349
)
(/Users/billy191/Library/Application Support/MiKTeX/texmfs/install/tex/latex/po
lyglossia/polyglossia.sty
Package: polyglossia 2026/04/18 v2.10 Modern multilingual typesetting with XeLa
TeX and LuaLaTeX
\l_xpg_alias_keyvals_int=\count350

(/Users/billy191/Library/Application Support/MiKTeX/texmfs/install/tex/latex/po
lyglossia/gloss-latex.ldf
File: gloss-latex.ldf polyglossia: module for default language


Package polyglossia Warning: No hyphenation patterns were loaded for `latex'
(polyglossia)                I will use \language=\l@nohyphenation instead.

\l@latex = a dialect from \language\l@nohyphenation 
))
(/Users/billy191/Library/Application Support/MiKTeX/texmfs/install/tex/latex/po
lyglossia/gloss-english.ldf
File: gloss-english.ldf polyglossia: module for English


Package polyglossia Warning: No hyphenation patterns were loaded for `english'
(polyglossia)                I will use \language=\l@nohyphenation instead.

\l@english = a dialect from \language\l@nohyphenation 

Package polyglossia Warning: No hyphenation patterns for english found
(polyglossia)                Falling back to the default patterns (= English)!

\l@english = a dialect from \language0
)

Package polyglossia Info: Default language is english


Package fontspec Info: 
(fontspec)             Times New Roman scale = 1.0.


Package fontspec Info: 
(fontspec)             Times New Roman scale = 1.0.


Package fontspec Info: 
(fontspec)             Times New Roman scale = 1.0.


Package fontspec Info: 
(fontspec)             Times New Roman scale = 1.0.


Package fontspec Info: 
(fontspec)             Times New Roman/B scale = 1.0.


Package fontspec Info: 
(fontspec)             Times New Roman/B scale = 1.0.


Package fontspec Info: 
(fontspec)             Times New Roman/I scale = 1.0.


Package fontspec Info: 
(fontspec)             Times New Roman/I scale = 1.0.


Package fontspec Info: 
(fontspec)             Times New Roman/BI scale = 1.0.


Package fontspec Info: 
(fontspec)             Times New Roman/BI scale = 1.0.


Package fontspec Info: 
(fontspec)             Font family 'TimesNewRoman(0)' created for font 'Times
(fontspec)             New Roman' with options
(fontspec)             [Mapping=tex-text,Scale=1.0,LetterSpace=0.0,Ligatures=Te
X,Scale=1.0,LetterSpace=0,WordSpace=1.0,FakeStretch=1.0].
(fontspec)              
(fontspec)              This font family consists of the following NFSS
(fontspec)             series/shapes:
(fontspec)              
(fontspec)             - 'normal' (m/n) with NFSS spec.: <->s*[1.0]"Times New
(fontspec)             Roman/OT:script=latn;language=dflt;letterspace=0.0;lette
rspace=0;extend=1.0;mapping=tex-text;"
(fontspec)             - 'bold' (b/n) with NFSS spec.: <->s*[1.0]"Times New
(fontspec)             Roman/B/OT:script=latn;language=dflt;letterspace=0.0;let
terspace=0;extend=1.0;mapping=tex-text;"
(fontspec)             - 'italic' (m/it) with NFSS spec.: <->s*[1.0]"Times New
(fontspec)             Roman/I/OT:script=latn;language=dflt;letterspace=0.0;let
terspace=0;extend=1.0;mapping=tex-text;"
(fontspec)             - 'bold italic' (b/it) with NFSS spec.:
(fontspec)             <->s*[1.0]"Times New
(fontspec)             Roman/BI/OT:script=latn;language=dflt;letterspace=0.0;le
tterspace=0;extend=1.0;mapping=tex-text;"

LaTeX Font Info:    Font shape `TU/TimesNewRoman(0)/m/n' will be
(Font)              scaled to size 10.0pt on input line 27.
\c@theorem=\count351
\c@lemma=\count352
\c@corollary=\count353

No file project_report.aux.
\openout1 = `project_report.aux'.

LaTeX Font Info:    Checking defaults for OML/cmm/m/it on input line 134.
LaTeX Font Info:    ... okay on input line 134.
LaTeX Font Info:    Checking defaults for OMS/cmsy/m/n on input line 134.
LaTeX Font Info:    ... okay on input line 134.
LaTeX Font Info:    Checking defaults for OT1/cmr/m/n on input line 134.
LaTeX Font Info:    ... okay on input line 134.
LaTeX Font Info:    Checking defaults for T1/cmr/m/n on input line 134.
LaTeX Font Info:    ... okay on input line 134.
LaTeX Font Info:    Checking defaults for TS1/cmr/m/n on input line 134.
LaTeX Font Info:    ... okay on input line 134.
LaTeX Font Info:    Checking defaults for TU/lmr/m/n on input line 134.
LaTeX Font Info:    ... okay on input line 134.
LaTeX Font Info:    Checking defaults for OMX/cmex/m/n on input line 134.
LaTeX Font Info:    ... okay on input line 134.
LaTeX Font Info:    Checking defaults for U/cmr/m/n on input line 134.
LaTeX Font Info:    ... okay on input line 134.
LaTeX Font Info:    Checking defaults for T3/cmr/m/n on input line 134.
LaTeX Font Info:    Trying to load font information for T3+cmr on input line 13
4.

(/Users/billy191/Library/Application Support/MiKTeX/texmfs/install/tex/latex/ti
pa/t3cmr.fd
File: t3cmr.fd 2001/12/31 TIPA font definitions
)
LaTeX Font Info:    ... okay on input line 134.
LaTeX Font Info:    Checking defaults for PD1/pdf/m/n on input line 134.
LaTeX Font Info:    ... okay on input line 134.
LaTeX Font Info:    Checking defaults for PU/pdf/m/n on input line 134.
LaTeX Font Info:    ... okay on input line 134.

*geometry* driver: auto-detecting
*geometry* detected driver: xetex
*geometry* verbose mode - [ preamble ] result:
* driver: xetex
* paper: a4paper
* layout: <same size as paper>
* layoutoffset:(h,v)=(0.0pt,0.0pt)
* modes: 
* h-part:(L,W,R)=(113.81102pt, 426.79135pt, 56.9055pt)
* v-part:(T,H,B)=(85.35826pt, 702.78308pt, 56.9055pt)
* \paperwidth=597.50787pt
* \paperheight=845.04684pt
* \textwidth=433.62pt
* \textheight=712.49861pt
* \oddsidemargin=36.135pt
* \evensidemargin=41.54103pt
* \topmargin=-22.76228pt
* \headheight=12.0pt
* \headsep=25.0pt
* \topskip=10.0pt
* \footskip=30.0pt
* \marginparwidth=65.0pt
* \marginparsep=11.0pt
* \columnsep=10.0pt
* \skip\footins=9.0pt plus 4.0pt minus 2.0pt
* \hoffset=0.0pt
* \voffset=0.0pt
* \mag=1000
* \@twocolumnfalse
* \@twosidefalse
* \@mparswitchfalse
* \@reversemarginfalse
* (1in=72.27pt=25.4mm, 1cm=28.453pt)


(/Library/Application Support/MiKTeX/texmfs/install/tex/latex/graphics/color.st
y
Package: color 2025/01/14 v1.3e Standard LaTeX Color (DPC)

(/Library/Application Support/MiKTeX/texmfs/install/tex/latex/graphics-cfg/colo
r.cfg
File: color.cfg 2016/01/02 v1.6 sample color configuration
)
Package color Info: Driver file: xetex.def on input line 149.

(/Library/Application Support/MiKTeX/texmfs/install/tex/latex/graphics/mathcolo
r.ltx))
Package hyperref Info: Link coloring ON on input line 134.
\@outlinefile=\write3
\openout3 = `project_report.out'.



Package hyperref Warning: Rerun to get /PageLabels entry.

File: logo02.jpg Graphic file (type bmp)
<logo02.jpg>


[1


]
LaTeX Font Info:    Trying to load font information for U+msa on input line 144
.

(/Library/Application Support/MiKTeX/texmfs/install/tex/latex/amsfonts/umsa.fd
File: umsa.fd 2013/01/14 v3.01 AMS symbols A
)
LaTeX Font Info:    Trying to load font information for U+msb on input line 144
.
(/Library/Application Support/MiKTeX/texmfs/install/tex/latex/amsfonts/umsb.fd
File: umsb.fd 2013/01/14 v3.01 AMS symbols B
)
LaTeX Font Info:    Trying to load font information for U+lasy on input line 14
4.
(/Library/Application Support/MiKTeX/texmfs/install/tex/latex/base/ulasy.fd
File: ulasy.fd 1998/08/17 v2.2e LaTeX symbol font definitions
)
Underfull \hbox (badness 10000) in alignment at lines 144--144
[] [] 
 []



[2]

Package hyperref Warning: bookmark level for unknown chapterx defaults to 0.

LaTeX Font Info:    Font shape `TU/TimesNewRoman(0)/b/n' will be
(Font)              scaled to size 10.0pt on input line 149.

Underfull \hbox (badness 10000) in alignment at lines 166--168
[][] 
 []



[2]
Missing character: There is no ห in font Times New Roman/OT:script=latn;languag
e=dflt;letterspace=0.0;letterspace=0;extend=1.0;mapping=tex-text;!
Missing character: There is no ั in font Times New Roman/OT:script=latn;languag
e=dflt;letterspace=0.0;letterspace=0;extend=1.0;mapping=tex-text;!
Missing character: There is no ว in font Times New Roman/OT:script=latn;languag
e=dflt;letterspace=0.0;letterspace=0;extend=1.0;mapping=tex-text;!
Missing character: There is no ข in font Times New Roman/OT:script=latn;languag
e=dflt;letterspace=0.0;letterspace=0;extend=1.0;mapping=tex-text;!
Missing character: There is no ้ in font Times New Roman/OT:script=latn;languag
e=dflt;letterspace=0.0;letterspace=0;extend=1.0;mapping=tex-text;!
Missing character: There is no อ in font Times New Roman/OT:script=latn;languag
e=dflt;letterspace=0.0;letterspace=0;extend=1.0;mapping=tex-text;!
Missing character: There is no ป in font Times New Roman/OT:script=latn;languag
e=dflt;letterspace=0.0;letterspace=0;extend=1.0;mapping=tex-text;!
Missing character: There is no ร in font Times New Roman/OT:script=latn;languag
e=dflt;letterspace=0.0;letterspace=0;extend=1.0;mapping=tex-text;!
Missing character: There is no ิ in font Times New Roman/OT:script=latn;languag
e=dflt;letterspace=0.0;letterspace=0;extend=1.0;mapping=tex-text;!
Missing character: There is no ญ in font Times New Roman/OT:script=latn;languag
e=dflt;letterspace=0.0;letterspace=0;extend=1.0;mapping=tex-text;!
Missing character: There is no ญ in font Times New Roman/OT:script=latn;languag
e=dflt;letterspace=0.0;letterspace=0;extend=1.0;mapping=tex-text;!
Missing character: There is no า in font Times New Roman/OT:script=latn;languag
e=dflt;letterspace=0.0;letterspace=0;extend=1.0;mapping=tex-text;!
Missing character: There is no น in font Times New Roman/OT:script=latn;languag
e=dflt;letterspace=0.0;letterspace=0;extend=1.0;mapping=tex-text;!
Missing character: There is no ิ in font Times New Roman/OT:script=latn;languag
e=dflt;letterspace=0.0;letterspace=0;extend=1.0;mapping=tex-text;!
Missing character: There is no พ in font Times New Roman/OT:script=latn;languag
e=dflt;letterspace=0.0;letterspace=0;extend=1.0;mapping=tex-text;!
Missing character: There is no น in font Times New Roman/OT:script=latn;languag
e=dflt;letterspace=0.0;letterspace=0;extend=1.0;mapping=tex-text;!
Missing character: There is no ธ in font Times New Roman/OT:script=latn;languag
e=dflt;letterspace=0.0;letterspace=0;extend=1.0;mapping=tex-text;!
Missing character: There is no ์ in font Times New Roman/OT:script=latn;languag
e=dflt;letterspace=0.0;letterspace=0;extend=1.0;mapping=tex-text;!
Missing character: There is no ห in font Times New Roman/OT:script=latn;languag
e=dflt;letterspace=0.0;letterspace=0;extend=1.0;mapping=tex-text;!
Missing character: There is no ั in font Times New Roman/OT:script=latn;languag
e=dflt;letterspace=0.0;letterspace=0;extend=1.0;mapping=tex-text;!
Missing character: There is no ว in font Times New Roman/OT:script=latn;languag
e=dflt;letterspace=0.0;letterspace=0;extend=1.0;mapping=tex-text;!
Missing character: There is no ข in font Times New Roman/OT:script=latn;languag
e=dflt;letterspace=0.0;letterspace=0;extend=1.0;mapping=tex-text;!
Missing character: There is no ้ in font Times New Roman/OT:script=latn;languag
e=dflt;letterspace=0.0;letterspace=0;extend=1.0;mapping=tex-text;!
Missing character: There is no อ in font Times New Roman/OT:script=latn;languag
e=dflt;letterspace=0.0;letterspace=0;extend=1.0;mapping=tex-text;!
Missing character: There is no ป in font Times New Roman/OT:script=latn;languag
e=dflt;letterspace=0.0;letterspace=0;extend=1.0;mapping=tex-text;!
Missing character: There is no ร in font Times New Roman/OT:script=latn;languag
e=dflt;letterspace=0.0;letterspace=0;extend=1.0;mapping=tex-text;!
Missing character: There is no ิ in font Times New Roman/OT:script=latn;languag
e=dflt;letterspace=0.0;letterspace=0;extend=1.0;mapping=tex-text;!
Missing character: There is no ญ in font Times New Roman/OT:script=latn;languag
e=dflt;letterspace=0.0;letterspace=0;extend=1.0;mapping=tex-text;!
Missing character: There is no ญ in font Times New Roman/OT:script=latn;languag
e=dflt;letterspace=0.0;letterspace=0;extend=1.0;mapping=tex-text;!
Missing character: There is no า in font Times New Roman/OT:script=latn;languag
e=dflt;letterspace=0.0;letterspace=0;extend=1.0;mapping=tex-text;!
Missing character: There is no น in font Times New Roman/OT:script=latn;languag
e=dflt;letterspace=0.0;letterspace=0;extend=1.0;mapping=tex-text;!
Missing character: There is no ิ in font Times New Roman/OT:script=latn;languag
e=dflt;letterspace=0.0;letterspace=0;extend=1.0;mapping=tex-text;!
Missing character: There is no พ in font Times New Roman/OT:script=latn;languag
e=dflt;letterspace=0.0;letterspace=0;extend=1.0;mapping=tex-text;!
Missing character: There is no น in font Times New Roman/OT:script=latn;languag
e=dflt;letterspace=0.0;letterspace=0;extend=1.0;mapping=tex-text;!
Missing character: There is no ธ in font Times New Roman/OT:script=latn;languag
e=dflt;letterspace=0.0;letterspace=0;extend=1.0;mapping=tex-text;!
Missing character: There is no ์ in font Times New Roman/OT:script=latn;languag
e=dflt;letterspace=0.0;letterspace=0;extend=1.0;mapping=tex-text;!
Missing character: There is no บ in font Times New Roman/OT:script=latn;languag
e=dflt;letterspace=0.0;letterspace=0;extend=1.0;mapping=tex-text;!
Missing character: There is no ร in font Times New Roman/OT:script=latn;languag
e=dflt;letterspace=0.0;letterspace=0;extend=1.0;mapping=tex-text;!
Missing character: There is no ร in font Times New Roman/OT:script=latn;languag
e=dflt;letterspace=0.0;letterspace=0;extend=1.0;mapping=tex-text;!
Missing character: There is no ท in font Times New Roman/OT:script=latn;languag
e=dflt;letterspace=0.0;letterspace=0;extend=1.0;mapping=tex-text;!
Missing character: There is no ั in font Times New Roman/OT:script=latn;languag
e=dflt;letterspace=0.0;letterspace=0;extend=1.0;mapping=tex-text;!
Missing character: There is no ด in font Times New Roman/OT:script=latn;languag
e=dflt;letterspace=0.0;letterspace=0;extend=1.0;mapping=tex-text;!
Missing character: There is no แ in font Times New Roman/OT:script=latn;languag
e=dflt;letterspace=0.0;letterspace=0;extend=1.0;mapping=tex-text;!
Missing character: There is no ร in font Times New Roman/OT:script=latn;languag
e=dflt;letterspace=0.0;letterspace=0;extend=1.0;mapping=tex-text;!
Missing character: There is no ก in font Times New Roman/OT:script=latn;languag
e=dflt;letterspace=0.0;letterspace=0;extend=1.0;mapping=tex-text;!
Missing character: There is no ห in font Times New Roman/OT:script=latn;languag
e=dflt;letterspace=0.0;letterspace=0;extend=1.0;mapping=tex-text;!
Missing character: There is no ั in font Times New Roman/OT:script=latn;languag
e=dflt;letterspace=0.0;letterspace=0;extend=1.0;mapping=tex-text;!
Missing character: There is no ว in font Times New Roman/OT:script=latn;languag
e=dflt;letterspace=0.0;letterspace=0;extend=1.0;mapping=tex-text;!
Missing character: There is no ข in font Times New Roman/OT:script=latn;languag
e=dflt;letterspace=0.0;letterspace=0;extend=1.0;mapping=tex-text;!
Missing character: There is no ้ in font Times New Roman/OT:script=latn;languag
e=dflt;letterspace=0.0;letterspace=0;extend=1.0;mapping=tex-text;!
Missing character: There is no อ in font Times New Roman/OT:script=latn;languag
e=dflt;letterspace=0.0;letterspace=0;extend=1.0;mapping=tex-text;!
Missing character: There is no ป in font Times New Roman/OT:script=latn;languag
e=dflt;letterspace=0.0;letterspace=0;extend=1.0;mapping=tex-text;!
Missing character: There is no ร in font Times New Roman/OT:script=latn;languag
e=dflt;letterspace=0.0;letterspace=0;extend=1.0;mapping=tex-text;!
Missing character: There is no ิ in font Times New Roman/OT:script=latn;languag
e=dflt;letterspace=0.0;letterspace=0;extend=1.0;mapping=tex-text;!
Missing character: There is no ญ in font Times New Roman/OT:script=latn;languag
e=dflt;letterspace=0.0;letterspace=0;extend=1.0;mapping=tex-text;!
Missing character: There is no ญ in font Times New Roman/OT:script=latn;languag
e=dflt;letterspace=0.0;letterspace=0;extend=1.0;mapping=tex-text;!
Missing character: There is no า in font Times New Roman/OT:script=latn;languag
e=dflt;letterspace=0.0;letterspace=0;extend=1.0;mapping=tex-text;!
Missing character: There is no น in font Times New Roman/OT:script=latn;languag
e=dflt;letterspace=0.0;letterspace=0;extend=1.0;mapping=tex-text;!
Missing character: There is no ิ in font Times New Roman/OT:script=latn;languag
e=dflt;letterspace=0.0;letterspace=0;extend=1.0;mapping=tex-text;!
Missing character: There is no พ in font Times New Roman/OT:script=latn;languag
e=dflt;letterspace=0.0;letterspace=0;extend=1.0;mapping=tex-text;!
Missing character: There is no น in font Times New Roman/OT:script=latn;languag
e=dflt;letterspace=0.0;letterspace=0;extend=1.0;mapping=tex-text;!
Missing character: There is no ธ in font Times New Roman/OT:script=latn;languag
e=dflt;letterspace=0.0;letterspace=0;extend=1.0;mapping=tex-text;!
Missing character: There is no ์ in font Times New Roman/OT:script=latn;languag
e=dflt;letterspace=0.0;letterspace=0;extend=1.0;mapping=tex-text;!
Missing character: There is no บ in font Times New Roman/OT:script=latn;languag
e=dflt;letterspace=0.0;letterspace=0;extend=1.0;mapping=tex-text;!
Missing character: There is no ร in font Times New Roman/OT:script=latn;languag
e=dflt;letterspace=0.0;letterspace=0;extend=1.0;mapping=tex-text;!
Missing character: There is no ร in font Times New Roman/OT:script=latn;languag
e=dflt;letterspace=0.0;letterspace=0;extend=1.0;mapping=tex-text;!
Missing character: There is no ท in font Times New Roman/OT:script=latn;languag
e=dflt;letterspace=0.0;letterspace=0;extend=1.0;mapping=tex-text;!
Missing character: There is no ั in font Times New Roman/OT:script=latn;languag
e=dflt;letterspace=0.0;letterspace=0;extend=1.0;mapping=tex-text;!
Missing character: There is no ด in font Times New Roman/OT:script=latn;languag
e=dflt;letterspace=0.0;letterspace=0;extend=1.0;mapping=tex-text;!
Missing character: There is no ส in font Times New Roman/OT:script=latn;languag
e=dflt;letterspace=0.0;letterspace=0;extend=1.0;mapping=tex-text;!
Missing character: There is no อ in font Times New Roman/OT:script=latn;languag
e=dflt;letterspace=0.0;letterspace=0;extend=1.0;mapping=tex-text;!
Missing character: There is no ง in font Times New Roman/OT:script=latn;languag
e=dflt;letterspace=0.0;letterspace=0;extend=1.0;mapping=tex-text;!
Missing character: There is no ห in font Times New Roman/OT:script=latn;languag
e=dflt;letterspace=0.0;letterspace=0;extend=1.0;mapping=tex-text;!
Missing character: There is no น in font Times New Roman/OT:script=latn;languag
e=dflt;letterspace=0.0;letterspace=0;extend=1.0;mapping=tex-text;!
Missing character: There is no ่ in font Times New Roman/OT:script=latn;languag
e=dflt;letterspace=0.0;letterspace=0;extend=1.0;mapping=tex-text;!
Missing character: There is no ว in font Times New Roman/OT:script=latn;languag
e=dflt;letterspace=0.0;letterspace=0;extend=1.0;mapping=tex-text;!
Missing character: There is no ย in font Times New Roman/OT:script=latn;languag
e=dflt;letterspace=0.0;letterspace=0;extend=1.0;mapping=tex-text;!
Missing character: There is no ก in font Times New Roman/OT:script=latn;languag
e=dflt;letterspace=0.0;letterspace=0;extend=1.0;mapping=tex-text;!
Missing character: There is no ิ in font Times New Roman/OT:script=latn;languag
e=dflt;letterspace=0.0;letterspace=0;extend=1.0;mapping=tex-text;!
Missing character: There is no ต in font Times New Roman/OT:script=latn;languag
e=dflt;letterspace=0.0;letterspace=0;extend=1.0;mapping=tex-text;!
Missing character: There is no ผ in font Times New Roman/OT:script=latn;languag
e=dflt;letterspace=0.0;letterspace=0;extend=1.0;mapping=tex-text;!
Missing character: There is no ู in font Times New Roman/OT:script=latn;languag
e=dflt;letterspace=0.0;letterspace=0;extend=1.0;mapping=tex-text;!
Missing character: There is no ้ in font Times New Roman/OT:script=latn;languag
e=dflt;letterspace=0.0;letterspace=0;extend=1.0;mapping=tex-text;!
Missing character: There is no เ in font Times New Roman/OT:script=latn;languag
e=dflt;letterspace=0.0;letterspace=0;extend=1.0;mapping=tex-text;!
Missing character: There is no ข in font Times New Roman/OT:script=latn;languag
e=dflt;letterspace=0.0;letterspace=0;extend=1.0;mapping=tex-text;!
Missing character: There is no ี in font Times New Roman/OT:script=latn;languag
e=dflt;letterspace=0.0;letterspace=0;extend=1.0;mapping=tex-text;!
Missing character: There is no ย in font Times New Roman/OT:script=latn;languag
e=dflt;letterspace=0.0;letterspace=0;extend=1.0;mapping=tex-text;!
Missing character: There is no น in font Times New Roman/OT:script=latn;languag
e=dflt;letterspace=0.0;letterspace=0;extend=1.0;mapping=tex-text;!
Missing character: There is no น in font Times New Roman/OT:script=latn;languag
e=dflt;letterspace=0.0;letterspace=0;extend=1.0;mapping=tex-text;!
Missing character: There is no า in font Times New Roman/OT:script=latn;languag
e=dflt;letterspace=0.0;letterspace=0;extend=1.0;mapping=tex-text;!
Missing character: There is no ย in font Times New Roman/OT:script=latn;languag
e=dflt;letterspace=0.0;letterspace=0;extend=1.0;mapping=tex-text;!
Missing character: There is no ส in font Times New Roman/OT:script=latn;languag
e=dflt;letterspace=0.0;letterspace=0;extend=1.0;mapping=tex-text;!
Missing character: There is no ม in font Times New Roman/OT:script=latn;languag
e=dflt;letterspace=0.0;letterspace=0;extend=1.0;mapping=tex-text;!
Missing character: There is no ศ in font Times New Roman/OT:script=latn;languag
e=dflt;letterspace=0.0;letterspace=0;extend=1.0;mapping=tex-text;!
Missing character: There is no ั in font Times New Roman/OT:script=latn;languag
e=dflt;letterspace=0.0;letterspace=0;extend=1.0;mapping=tex-text;!
Missing character: There is no ก in font Times New Roman/OT:script=latn;languag
e=dflt;letterspace=0.0;letterspace=0;extend=1.0;mapping=tex-text;!
Missing character: There is no ด in font Times New Roman/OT:script=latn;languag
e=dflt;letterspace=0.0;letterspace=0;extend=1.0;mapping=tex-text;!
Missing character: There is no ิ in font Times New Roman/OT:script=latn;languag
e=dflt;letterspace=0.0;letterspace=0;extend=1.0;mapping=tex-text;!
Missing character: There is no ์ in font Times New Roman/OT:script=latn;languag
e=dflt;letterspace=0.0;letterspace=0;extend=1.0;mapping=tex-text;!
Missing character: There is no ค in font Times New Roman/OT:script=latn;languag
e=dflt;letterspace=0.0;letterspace=0;extend=1.0;mapping=tex-text;!
Missing character: There is no อ in font Times New Roman/OT:script=latn;languag
e=dflt;letterspace=0.0;letterspace=0;extend=1.0;mapping=tex-text;!
Missing character: There is no ม in font Times New Roman/OT:script=latn;languag
e=dflt;letterspace=0.0;letterspace=0;extend=1.0;mapping=tex-text;!
Missing character: There is no พ in font Times New Roman/OT:script=latn;languag
e=dflt;letterspace=0.0;letterspace=0;extend=1.0;mapping=tex-text;!
Missing character: There is no ิ in font Times New Roman/OT:script=latn;languag
e=dflt;letterspace=0.0;letterspace=0;extend=1.0;mapping=tex-text;!
Missing character: There is no ว in font Times New Roman/OT:script=latn;languag
e=dflt;letterspace=0.0;letterspace=0;extend=1.0;mapping=tex-text;!
Missing character: There is no เ in font Times New Roman/OT:script=latn;languag
e=dflt;letterspace=0.0;letterspace=0;extend=1.0;mapping=tex-text;!
Missing character: There is no ต in font Times New Roman/OT:script=latn;languag
e=dflt;letterspace=0.0;letterspace=0;extend=1.0;mapping=tex-text;!
Missing character: There is no อ in font Times New Roman/OT:script=latn;languag
e=dflt;letterspace=0.0;letterspace=0;extend=1.0;mapping=tex-text;!
Missing character: There is no ร in font Times New Roman/OT:script=latn;languag
e=dflt;letterspace=0.0;letterspace=0;extend=1.0;mapping=tex-text;!
Missing character: There is no ์ in font Times New Roman/OT:script=latn;languag
e=dflt;letterspace=0.0;letterspace=0;extend=1.0;mapping=tex-text;!
Missing character: There is no น in font Times New Roman/OT:script=latn;languag
e=dflt;letterspace=0.0;letterspace=0;extend=1.0;mapping=tex-text;!
Missing character: There is no า in font Times New Roman/OT:script=latn;languag
e=dflt;letterspace=0.0;letterspace=0;extend=1.0;mapping=tex-text;!
Missing character: There is no ง in font Times New Roman/OT:script=latn;languag
e=dflt;letterspace=0.0;letterspace=0;extend=1.0;mapping=tex-text;!
Missing character: There is no ส in font Times New Roman/OT:script=latn;languag
e=dflt;letterspace=0.0;letterspace=0;extend=1.0;mapping=tex-text;!
Missing character: There is no า in font Times New Roman/OT:script=latn;languag
e=dflt;letterspace=0.0;letterspace=0;extend=1.0;mapping=tex-text;!
Missing character: There is no ว in font Times New Roman/OT:script=latn;languag
e=dflt;letterspace=0.0;letterspace=0;extend=1.0;mapping=tex-text;!
Missing character: There is no ส in font Times New Roman/OT:script=latn;languag
e=dflt;letterspace=0.0;letterspace=0;extend=1.0;mapping=tex-text;!
Missing character: There is no ม in font Times New Roman/OT:script=latn;languag
e=dflt;letterspace=0.0;letterspace=0;extend=1.0;mapping=tex-text;!
Missing character: There is no ศ in font Times New Roman/OT:script=latn;languag
e=dflt;letterspace=0.0;letterspace=0;extend=1.0;mapping=tex-text;!
Missing character: There is no ร in font Times New Roman/OT:script=latn;languag
e=dflt;letterspace=0.0;letterspace=0;extend=1.0;mapping=tex-text;!
Missing character: There is no ี in font Times New Roman/OT:script=latn;languag
e=dflt;letterspace=0.0;letterspace=0;extend=1.0;mapping=tex-text;!
Missing character: There is no ค in font Times New Roman/OT:script=latn;languag
e=dflt;letterspace=0.0;letterspace=0;extend=1.0;mapping=tex-text;!
Missing character: There is no อ in font Times New Roman/OT:script=latn;languag
e=dflt;letterspace=0.0;letterspace=0;extend=1.0;mapping=tex-text;!
Missing character: There is no ม in font Times New Roman/OT:script=latn;languag
e=dflt;letterspace=0.0;letterspace=0;extend=1.0;mapping=tex-text;!
Missing character: There is no พ in font Times New Roman/OT:script=latn;languag
e=dflt;letterspace=0.0;letterspace=0;extend=1.0;mapping=tex-text;!
Missing character: There is no ิ in font Times New Roman/OT:script=latn;languag
e=dflt;letterspace=0.0;letterspace=0;extend=1.0;mapping=tex-text;!
Missing character: There is no ว in font Times New Roman/OT:script=latn;languag
e=dflt;letterspace=0.0;letterspace=0;extend=1.0;mapping=tex-text;!
Missing character: There is no เ in font Times New Roman/OT:script=latn;languag
e=dflt;letterspace=0.0;letterspace=0;extend=1.0;mapping=tex-text;!
Missing character: There is no ต in font Times New Roman/OT:script=latn;languag
e=dflt;letterspace=0.0;letterspace=0;extend=1.0;mapping=tex-text;!
Missing character: There is no อ in font Times New Roman/OT:script=latn;languag
e=dflt;letterspace=0.0;letterspace=0;extend=1.0;mapping=tex-text;!
Missing character: There is no ร in font Times New Roman/OT:script=latn;languag
e=dflt;letterspace=0.0;letterspace=0;extend=1.0;mapping=tex-text;!
Missing character: There is no ์ in font Times New Roman/OT:script=latn;languag
e=dflt;letterspace=0.0;letterspace=0;extend=1.0;mapping=tex-text;!
Missing character: There is no น in font Times New Roman/OT:script=latn;languag
e=dflt;letterspace=0.0;letterspace=0;extend=1.0;mapping=tex-text;!
Missing character: There is no า in font Times New Roman/OT:script=latn;languag
e=dflt;letterspace=0.0;letterspace=0;extend=1.0;mapping=tex-text;!
Missing character: There is no ง in font Times New Roman/OT:script=latn;languag
e=dflt;letterspace=0.0;letterspace=0;extend=1.0;mapping=tex-text;!
Missing character: There is no ส in font Times New Roman/OT:script=latn;languag
e=dflt;letterspace=0.0;letterspace=0;extend=1.0;mapping=tex-text;!
Missing character: There is no า in font Times New Roman/OT:script=latn;languag
e=dflt;letterspace=0.0;letterspace=0;extend=1.0;mapping=tex-text;!
Missing character: There is no ว in font Times New Roman/OT:script=latn;languag
e=dflt;letterspace=0.0;letterspace=0;extend=1.0;mapping=tex-text;!
Missing character: There is no ส in font Times New Roman/OT:script=latn;languag
e=dflt;letterspace=0.0;letterspace=0;extend=1.0;mapping=tex-text;!
Missing character: There is no ม in font Times New Roman/OT:script=latn;languag
e=dflt;letterspace=0.0;letterspace=0;extend=1.0;mapping=tex-text;!
Missing character: There is no ป in font Times New Roman/OT:script=latn;languag
e=dflt;letterspace=0.0;letterspace=0;extend=1.0;mapping=tex-text;!
Missing character: There is no อ in font Times New Roman/OT:script=latn;languag
e=dflt;letterspace=0.0;letterspace=0;extend=1.0;mapping=tex-text;!
Missing character: There is no ง in font Times New Roman/OT:script=latn;languag
e=dflt;letterspace=0.0;letterspace=0;extend=1.0;mapping=tex-text;!
Missing character: There is no ค in font Times New Roman/OT:script=latn;languag
e=dflt;letterspace=0.0;letterspace=0;extend=1.0;mapping=tex-text;!
Missing character: There is no อ in font Times New Roman/OT:script=latn;languag
e=dflt;letterspace=0.0;letterspace=0;extend=1.0;mapping=tex-text;!
Missing character: There is no ม in font Times New Roman/OT:script=latn;languag
e=dflt;letterspace=0.0;letterspace=0;extend=1.0;mapping=tex-text;!
Missing character: There is no พ in font Times New Roman/OT:script=latn;languag
e=dflt;letterspace=0.0;letterspace=0;extend=1.0;mapping=tex-text;!
Missing character: There is no ิ in font Times New Roman/OT:script=latn;languag
e=dflt;letterspace=0.0;letterspace=0;extend=1.0;mapping=tex-text;!
Missing character: There is no ว in font Times New Roman/OT:script=latn;languag
e=dflt;letterspace=0.0;letterspace=0;extend=1.0;mapping=tex-text;!
Missing character: There is no เ in font Times New Roman/OT:script=latn;languag
e=dflt;letterspace=0.0;letterspace=0;extend=1.0;mapping=tex-text;!
Missing character: There is no ต in font Times New Roman/OT:script=latn;languag
e=dflt;letterspace=0.0;letterspace=0;extend=1.0;mapping=tex-text;!
Missing character: There is no อ in font Times New Roman/OT:script=latn;languag
e=dflt;letterspace=0.0;letterspace=0;extend=1.0;mapping=tex-text;!
Missing character: There is no ร in font Times New Roman/OT:script=latn;languag
e=dflt;letterspace=0.0;letterspace=0;extend=1.0;mapping=tex-text;!
Missing character: There is no ์ in font Times New Roman/OT:script=latn;languag
e=dflt;letterspace=0.0;letterspace=0;extend=1.0;mapping=tex-text;!
Missing character: There is no อ in font Times New Roman/OT:script=latn;languag
e=dflt;letterspace=0.0;letterspace=0;extend=1.0;mapping=tex-text;!
Missing character: There is no า in font Times New Roman/OT:script=latn;languag
e=dflt;letterspace=0.0;letterspace=0;extend=1.0;mapping=tex-text;!
Missing character: There is no จ in font Times New Roman/OT:script=latn;languag
e=dflt;letterspace=0.0;letterspace=0;extend=1.0;mapping=tex-text;!
Missing character: There is no า in font Times New Roman/OT:script=latn;languag
e=dflt;letterspace=0.0;letterspace=0;extend=1.0;mapping=tex-text;!
Missing character: There is no ร in font Times New Roman/OT:script=latn;languag
e=dflt;letterspace=0.0;letterspace=0;extend=1.0;mapping=tex-text;!
Missing character: There is no ย in font Times New Roman/OT:script=latn;languag
e=dflt;letterspace=0.0;letterspace=0;extend=1.0;mapping=tex-text;!
Missing character: There is no ์ in font Times New Roman/OT:script=latn;languag
e=dflt;letterspace=0.0;letterspace=0;extend=1.0;mapping=tex-text;!
Missing character: There is no ท in font Times New Roman/OT:script=latn;languag
e=dflt;letterspace=0.0;letterspace=0;extend=1.0;mapping=tex-text;!
Missing character: There is no ี in font Times New Roman/OT:script=latn;languag
e=dflt;letterspace=0.0;letterspace=0;extend=1.0;mapping=tex-text;!
Missing character: There is no ่ in font Times New Roman/OT:script=latn;languag
e=dflt;letterspace=0.0;letterspace=0;extend=1.0;mapping=tex-text;!
Missing character: There is no ป in font Times New Roman/OT:script=latn;languag
e=dflt;letterspace=0.0;letterspace=0;extend=1.0;mapping=tex-text;!
Missing character: There is no ร in font Times New Roman/OT:script=latn;languag
e=dflt;letterspace=0.0;letterspace=0;extend=1.0;mapping=tex-text;!
Missing character: There is no ึ in font Times New Roman/OT:script=latn;languag
e=dflt;letterspace=0.0;letterspace=0;extend=1.0;mapping=tex-text;!
Missing character: There is no ก in font Times New Roman/OT:script=latn;languag
e=dflt;letterspace=0.0;letterspace=0;extend=1.0;mapping=tex-text;!
Missing character: There is no ษ in font Times New Roman/OT:script=latn;languag
e=dflt;letterspace=0.0;letterspace=0;extend=1.0;mapping=tex-text;!
Missing character: There is no า in font Times New Roman/OT:script=latn;languag
e=dflt;letterspace=0.0;letterspace=0;extend=1.0;mapping=tex-text;!
Missing character: There is no ร in font Times New Roman/OT:script=latn;languag
e=dflt;letterspace=0.0;letterspace=0;extend=1.0;mapping=tex-text;!
Missing character: There is no ศ in font Times New Roman/OT:script=latn;languag
e=dflt;letterspace=0.0;letterspace=0;extend=1.0;mapping=tex-text;!
Missing character: There is no ด in font Times New Roman/OT:script=latn;languag
e=dflt;letterspace=0.0;letterspace=0;extend=1.0;mapping=tex-text;!
Missing character: There is no ร in font Times New Roman/OT:script=latn;languag
e=dflt;letterspace=0.0;letterspace=0;extend=1.0;mapping=tex-text;!
Missing character: There is no ท in font Times New Roman/OT:script=latn;languag
e=dflt;letterspace=0.0;letterspace=0;extend=1.0;mapping=tex-text;!
Missing character: There is no ี in font Times New Roman/OT:script=latn;languag
e=dflt;letterspace=0.0;letterspace=0;extend=1.0;mapping=tex-text;!
Missing character: There is no ่ in font Times New Roman/OT:script=latn;languag
e=dflt;letterspace=0.0;letterspace=0;extend=1.0;mapping=tex-text;!
Missing character: There is no ป in font Times New Roman/OT:script=latn;languag
e=dflt;letterspace=0.0;letterspace=0;extend=1.0;mapping=tex-text;!
Missing character: There is no ร in font Times New Roman/OT:script=latn;languag
e=dflt;letterspace=0.0;letterspace=0;extend=1.0;mapping=tex-text;!
Missing character: There is no ึ in font Times New Roman/OT:script=latn;languag
e=dflt;letterspace=0.0;letterspace=0;extend=1.0;mapping=tex-text;!
Missing character: There is no ก in font Times New Roman/OT:script=latn;languag
e=dflt;letterspace=0.0;letterspace=0;extend=1.0;mapping=tex-text;!
Missing character: There is no ษ in font Times New Roman/OT:script=latn;languag
e=dflt;letterspace=0.0;letterspace=0;extend=1.0;mapping=tex-text;!
Missing character: There is no า in font Times New Roman/OT:script=latn;languag
e=dflt;letterspace=0.0;letterspace=0;extend=1.0;mapping=tex-text;!
Missing character: There is no ว in font Times New Roman/OT:script=latn;languag
e=dflt;letterspace=0.0;letterspace=0;extend=1.0;mapping=tex-text;!
Missing character: There is no ิ in font Times New Roman/OT:script=latn;languag
e=dflt;letterspace=0.0;letterspace=0;extend=1.0;mapping=tex-text;!
Missing character: There is no ท in font Times New Roman/OT:script=latn;languag
e=dflt;letterspace=0.0;letterspace=0;extend=1.0;mapping=tex-text;!
Missing character: There is no ย in font Times New Roman/OT:script=latn;languag
e=dflt;letterspace=0.0;letterspace=0;extend=1.0;mapping=tex-text;!
Missing character: There is no า in font Times New Roman/OT:script=latn;languag
e=dflt;letterspace=0.0;letterspace=0;extend=1.0;mapping=tex-text;!
Missing character: There is no น in font Times New Roman/OT:script=latn;languag
e=dflt;letterspace=0.0;letterspace=0;extend=1.0;mapping=tex-text;!
Missing character: There is no ิ in font Times New Roman/OT:script=latn;languag
e=dflt;letterspace=0.0;letterspace=0;extend=1.0;mapping=tex-text;!
Missing character: There is no พ in font Times New Roman/OT:script=latn;languag
e=dflt;letterspace=0.0;letterspace=0;extend=1.0;mapping=tex-text;!
Missing character: There is no น in font Times New Roman/OT:script=latn;languag
e=dflt;letterspace=0.0;letterspace=0;extend=1.0;mapping=tex-text;!
Missing character: There is no ธ in font Times New Roman/OT:script=latn;languag
e=dflt;letterspace=0.0;letterspace=0;extend=1.0;mapping=tex-text;!
Missing character: There is no ์ in font Times New Roman/OT:script=latn;languag
e=dflt;letterspace=0.0;letterspace=0;extend=1.0;mapping=tex-text;!
Missing character: There is no ร in font Times New Roman/OT:script=latn;languag
e=dflt;letterspace=0.0;letterspace=0;extend=1.0;mapping=tex-text;!
Missing character: There is no ศ in font Times New Roman/OT:script=latn;languag
e=dflt;letterspace=0.0;letterspace=0;extend=1.0;mapping=tex-text;!
Missing character: There is no ด in font Times New Roman/OT:script=latn;languag
e=dflt;letterspace=0.0;letterspace=0;extend=1.0;mapping=tex-text;!
Missing character: There is no ร in font Times New Roman/OT:script=latn;languag
e=dflt;letterspace=0.0;letterspace=0;extend=1.0;mapping=tex-text;!
Missing character: There is no ท in font Times New Roman/OT:script=latn;languag
e=dflt;letterspace=0.0;letterspace=0;extend=1.0;mapping=tex-text;!
Missing character: There is no ี in font Times New Roman/OT:script=latn;languag
e=dflt;letterspace=0.0;letterspace=0;extend=1.0;mapping=tex-text;!
Missing character: There is no ่ in font Times New Roman/OT:script=latn;languag
e=dflt;letterspace=0.0;letterspace=0;extend=1.0;mapping=tex-text;!
Missing character: There is no ป in font Times New Roman/OT:script=latn;languag
e=dflt;letterspace=0.0;letterspace=0;extend=1.0;mapping=tex-text;!
Missing character: There is no ร in font Times New Roman/OT:script=latn;languag
e=dflt;letterspace=0.0;letterspace=0;extend=1.0;mapping=tex-text;!
Missing character: There is no ึ in font Times New Roman/OT:script=latn;languag
e=dflt;letterspace=0.0;letterspace=0;extend=1.0;mapping=tex-text;!
Missing character: There is no ก in font Times New Roman/OT:script=latn;languag
e=dflt;letterspace=0.0;letterspace=0;extend=1.0;mapping=tex-text;!
Missing character: There is no ษ in font Times New Roman/OT:script=latn;languag
e=dflt;letterspace=0.0;letterspace=0;extend=1.0;mapping=tex-text;!
Missing character: There is no า in font Times New Roman/OT:script=latn;languag
e=dflt;letterspace=0.0;letterspace=0;extend=1.0;mapping=tex-text;!
Missing character: There is no ว in font Times New Roman/OT:script=latn;languag
e=dflt;letterspace=0.0;letterspace=0;extend=1.0;mapping=tex-text;!
Missing character: There is no ิ in font Times New Roman/OT:script=latn;languag
e=dflt;letterspace=0.0;letterspace=0;extend=1.0;mapping=tex-text;!
Missing character: There is no ท in font Times New Roman/OT:script=latn;languag
e=dflt;letterspace=0.0;letterspace=0;extend=1.0;mapping=tex-text;!
Missing character: There is no ย in font Times New Roman/OT:script=latn;languag
e=dflt;letterspace=0.0;letterspace=0;extend=1.0;mapping=tex-text;!
Missing character: There is no า in font Times New Roman/OT:script=latn;languag
e=dflt;letterspace=0.0;letterspace=0;extend=1.0;mapping=tex-text;!
Missing character: There is no น in font Times New Roman/OT:script=latn;languag
e=dflt;letterspace=0.0;letterspace=0;extend=1.0;mapping=tex-text;!
Missing character: There is no ิ in font Times New Roman/OT:script=latn;languag
e=dflt;letterspace=0.0;letterspace=0;extend=1.0;mapping=tex-text;!
Missing character: There is no พ in font Times New Roman/OT:script=latn;languag
e=dflt;letterspace=0.0;letterspace=0;extend=1.0;mapping=tex-text;!
Missing character: There is no น in font Times New Roman/OT:script=latn;languag
e=dflt;letterspace=0.0;letterspace=0;extend=1.0;mapping=tex-text;!
Missing character: There is no ธ in font Times New Roman/OT:script=latn;languag
e=dflt;letterspace=0.0;letterspace=0;extend=1.0;mapping=tex-text;!
Missing character: There is no ์ in font Times New Roman/OT:script=latn;languag
e=dflt;letterspace=0.0;letterspace=0;extend=1.0;mapping=tex-text;!
Missing character: There is no ร in font Times New Roman/OT:script=latn;languag
e=dflt;letterspace=0.0;letterspace=0;extend=1.0;mapping=tex-text;!
Missing character: There is no ่ in font Times New Roman/OT:script=latn;languag
e=dflt;letterspace=0.0;letterspace=0;extend=1.0;mapping=tex-text;!
Missing character: There is no ว in font Times New Roman/OT:script=latn;languag
e=dflt;letterspace=0.0;letterspace=0;extend=1.0;mapping=tex-text;!
Missing character: There is no ม in font Times New Roman/OT:script=latn;languag
e=dflt;letterspace=0.0;letterspace=0;extend=1.0;mapping=tex-text;!
Missing character: There is no ห in font Times New Roman/OT:script=latn;languag
e=dflt;letterspace=0.0;letterspace=0;extend=1.0;mapping=tex-text;!
Missing character: There is no ล in font Times New Roman/OT:script=latn;languag
e=dflt;letterspace=0.0;letterspace=0;extend=1.0;mapping=tex-text;!
Missing character: There is no ั in font Times New Roman/OT:script=latn;languag
e=dflt;letterspace=0.0;letterspace=0;extend=1.0;mapping=tex-text;!
Missing character: There is no ก in font Times New Roman/OT:script=latn;languag
e=dflt;letterspace=0.0;letterspace=0;extend=1.0;mapping=tex-text;!
Missing character: There is no ส in font Times New Roman/OT:script=latn;languag
e=dflt;letterspace=0.0;letterspace=0;extend=1.0;mapping=tex-text;!
Missing character: There is no ู in font Times New Roman/OT:script=latn;languag
e=dflt;letterspace=0.0;letterspace=0;extend=1.0;mapping=tex-text;!
Missing character: There is no ต in font Times New Roman/OT:script=latn;languag
e=dflt;letterspace=0.0;letterspace=0;extend=1.0;mapping=tex-text;!
Missing character: There is no ร in font Times New Roman/OT:script=latn;languag
e=dflt;letterspace=0.0;letterspace=0;extend=1.0;mapping=tex-text;!
Missing character: There is no ว in font Times New Roman/OT:script=latn;languag
e=dflt;letterspace=0.0;letterspace=0;extend=1.0;mapping=tex-text;!
Missing character: There is no ิ in font Times New Roman/OT:script=latn;languag
e=dflt;letterspace=0.0;letterspace=0;extend=1.0;mapping=tex-text;!
Missing character: There is no ศ in font Times New Roman/OT:script=latn;languag
e=dflt;letterspace=0.0;letterspace=0;extend=1.0;mapping=tex-text;!
Missing character: There is no ว in font Times New Roman/OT:script=latn;languag
e=dflt;letterspace=0.0;letterspace=0;extend=1.0;mapping=tex-text;!
Missing character: There is no ก in font Times New Roman/OT:script=latn;languag
e=dflt;letterspace=0.0;letterspace=0;extend=1.0;mapping=tex-text;!
Missing character: There is no ร in font Times New Roman/OT:script=latn;languag
e=dflt;letterspace=0.0;letterspace=0;extend=1.0;mapping=tex-text;!
Missing character: There is no ร in font Times New Roman/OT:script=latn;languag
e=dflt;letterspace=0.0;letterspace=0;extend=1.0;mapping=tex-text;!
Missing character: There is no ม in font Times New Roman/OT:script=latn;languag
e=dflt;letterspace=0.0;letterspace=0;extend=1.0;mapping=tex-text;!
Missing character: There is no ศ in font Times New Roman/OT:script=latn;languag
e=dflt;letterspace=0.0;letterspace=0;extend=1.0;mapping=tex-text;!
Missing character: There is no า in font Times New Roman/OT:script=latn;languag
e=dflt;letterspace=0.0;letterspace=0;extend=1.0;mapping=tex-text;!
Missing character: There is no ส in font Times New Roman/OT:script=latn;languag
e=dflt;letterspace=0.0;letterspace=0;extend=1.0;mapping=tex-text;!
Missing character: There is no ต in font Times New Roman/OT:script=latn;languag
e=dflt;letterspace=0.0;letterspace=0;extend=1.0;mapping=tex-text;!
Missing character: There is no ร in font Times New Roman/OT:script=latn;languag
e=dflt;letterspace=0.0;letterspace=0;extend=1.0;mapping=tex-text;!
Missing character: There is no บ in font Times New Roman/OT:script=latn;languag
e=dflt;letterspace=0.0;letterspace=0;extend=1.0;mapping=tex-text;!
Missing character: There is no ั in font Times New Roman/OT:script=latn;languag
e=dflt;letterspace=0.0;letterspace=0;extend=1.0;mapping=tex-text;!
Missing character: There is no ณ in font Times New Roman/OT:script=latn;languag
e=dflt;letterspace=0.0;letterspace=0;extend=1.0;mapping=tex-text;!
Missing character: There is no ฑ in font Times New Roman/OT:script=latn;languag
e=dflt;letterspace=0.0;letterspace=0;extend=1.0;mapping=tex-text;!
Missing character: There is no ิ in font Times New Roman/OT:script=latn;languag
e=dflt;letterspace=0.0;letterspace=0;extend=1.0;mapping=tex-text;!
Missing character: There is no ต in font Times New Roman/OT:script=latn;languag
e=dflt;letterspace=0.0;letterspace=0;extend=1.0;mapping=tex-text;!
Missing character: There is no ส in font Times New Roman/OT:script=latn;languag
e=dflt;letterspace=0.0;letterspace=0;extend=1.0;mapping=tex-text;!
Missing character: There is no า in font Times New Roman/OT:script=latn;languag
e=dflt;letterspace=0.0;letterspace=0;extend=1.0;mapping=tex-text;!
Missing character: There is no ข in font Times New Roman/OT:script=latn;languag
e=dflt;letterspace=0.0;letterspace=0;extend=1.0;mapping=tex-text;!
Missing character: There is no า in font Times New Roman/OT:script=latn;languag
e=dflt;letterspace=0.0;letterspace=0;extend=1.0;mapping=tex-text;!
Missing character: There is no ว in font Times New Roman/OT:script=latn;languag
e=dflt;letterspace=0.0;letterspace=0;extend=1.0;mapping=tex-text;!
Missing character: There is no ิ in font Times New Roman/OT:script=latn;languag
e=dflt;letterspace=0.0;letterspace=0;extend=1.0;mapping=tex-text;!
Missing character: There is no ช in font Times New Roman/OT:script=latn;languag
e=dflt;letterspace=0.0;letterspace=0;extend=1.0;mapping=tex-text;!
Missing character: There is no า in font Times New Roman/OT:script=latn;languag
e=dflt;letterspace=0.0;letterspace=0;extend=1.0;mapping=tex-text;!
Missing character: There is no ว in font Times New Roman/OT:script=latn;languag
e=dflt;letterspace=0.0;letterspace=0;extend=1.0;mapping=tex-text;!
Missing character: There is no ิ in font Times New Roman/OT:script=latn;languag
e=dflt;letterspace=0.0;letterspace=0;extend=1.0;mapping=tex-text;!
Missing character: There is no ศ in font Times New Roman/OT:script=latn;languag
e=dflt;letterspace=0.0;letterspace=0;extend=1.0;mapping=tex-text;!
Missing character: There is no ว in font Times New Roman/OT:script=latn;languag
e=dflt;letterspace=0.0;letterspace=0;extend=1.0;mapping=tex-text;!
Missing character: There is no ก in font Times New Roman/OT:script=latn;languag
e=dflt;letterspace=0.0;letterspace=0;extend=1.0;mapping=tex-text;!
Missing character: There is no ร in font Times New Roman/OT:script=latn;languag
e=dflt;letterspace=0.0;letterspace=0;extend=1.0;mapping=tex-text;!
Missing character: There is no ร in font Times New Roman/OT:script=latn;languag
e=dflt;letterspace=0.0;letterspace=0;extend=1.0;mapping=tex-text;!
Missing character: There is no ม in font Times New Roman/OT:script=latn;languag
e=dflt;letterspace=0.0;letterspace=0;extend=1.0;mapping=tex-text;!
Missing character: There is no ค in font Times New Roman/OT:script=latn;languag
e=dflt;letterspace=0.0;letterspace=0;extend=1.0;mapping=tex-text;!
Missing character: There is no อ in font Times New Roman/OT:script=latn;languag
e=dflt;letterspace=0.0;letterspace=0;extend=1.0;mapping=tex-text;!
Missing character: There is no ม in font Times New Roman/OT:script=latn;languag
e=dflt;letterspace=0.0;letterspace=0;extend=1.0;mapping=tex-text;!
Missing character: There is no พ in font Times New Roman/OT:script=latn;languag
e=dflt;letterspace=0.0;letterspace=0;extend=1.0;mapping=tex-text;!
Missing character: There is no ิ in font Times New Roman/OT:script=latn;languag
e=dflt;letterspace=0.0;letterspace=0;extend=1.0;mapping=tex-text;!
Missing character: There is no ว in font Times New Roman/OT:script=latn;languag
e=dflt;letterspace=0.0;letterspace=0;extend=1.0;mapping=tex-text;!
Missing character: There is no เ in font Times New Roman/OT:script=latn;languag
e=dflt;letterspace=0.0;letterspace=0;extend=1.0;mapping=tex-text;!
Missing character: There is no ต in font Times New Roman/OT:script=latn;languag
e=dflt;letterspace=0.0;letterspace=0;extend=1.0;mapping=tex-text;!
Missing character: There is no อ in font Times New Roman/OT:script=latn;languag
e=dflt;letterspace=0.0;letterspace=0;extend=1.0;mapping=tex-text;!
Missing character: There is no ร in font Times New Roman/OT:script=latn;languag
e=dflt;letterspace=0.0;letterspace=0;extend=1.0;mapping=tex-text;!
Missing character: There is no ์ in font Times New Roman/OT:script=latn;languag
e=dflt;letterspace=0.0;letterspace=0;extend=1.0;mapping=tex-text;!
Missing character: There is no ภ in font Times New Roman/OT:script=latn;languag
e=dflt;letterspace=0.0;letterspace=0;extend=1.0;mapping=tex-text;!
Missing character: There is no า in font Times New Roman/OT:script=latn;languag
e=dflt;letterspace=0.0;letterspace=0;extend=1.0;mapping=tex-text;!
Missing character: There is no ค in font Times New Roman/OT:script=latn;languag
e=dflt;letterspace=0.0;letterspace=0;extend=1.0;mapping=tex-text;!
Missing character: There is no ว in font Times New Roman/OT:script=latn;languag
e=dflt;letterspace=0.0;letterspace=0;extend=1.0;mapping=tex-text;!
Missing character: There is no ิ in font Times New Roman/OT:script=latn;languag
e=dflt;letterspace=0.0;letterspace=0;extend=1.0;mapping=tex-text;!
Missing character: There is no ช in font Times New Roman/OT:script=latn;languag
e=dflt;letterspace=0.0;letterspace=0;extend=1.0;mapping=tex-text;!
Missing character: There is no า in font Times New Roman/OT:script=latn;languag
e=dflt;letterspace=0.0;letterspace=0;extend=1.0;mapping=tex-text;!
Missing character: There is no ว in font Times New Roman/OT:script=latn;languag
e=dflt;letterspace=0.0;letterspace=0;extend=1.0;mapping=tex-text;!
Missing character: There is no ิ in font Times New Roman/OT:script=latn;languag
e=dflt;letterspace=0.0;letterspace=0;extend=1.0;mapping=tex-text;!
Missing character: There is no ศ in font Times New Roman/OT:script=latn;languag
e=dflt;letterspace=0.0;letterspace=0;extend=1.0;mapping=tex-text;!
Missing character: There is no ว in font Times New Roman/OT:script=latn;languag
e=dflt;letterspace=0.0;letterspace=0;extend=1.0;mapping=tex-text;!
Missing character: There is no ก in font Times New Roman/OT:script=latn;languag
e=dflt;letterspace=0.0;letterspace=0;extend=1.0;mapping=tex-text;!
Missing character: There is no ร in font Times New Roman/OT:script=latn;languag
e=dflt;letterspace=0.0;letterspace=0;extend=1.0;mapping=tex-text;!
Missing character: There is no ร in font Times New Roman/OT:script=latn;languag
e=dflt;letterspace=0.0;letterspace=0;extend=1.0;mapping=tex-text;!
Missing character: There is no ม in font Times New Roman/OT:script=latn;languag
e=dflt;letterspace=0.0;letterspace=0;extend=1.0;mapping=tex-text;!
Missing character: There is no ค in font Times New Roman/OT:script=latn;languag
e=dflt;letterspace=0.0;letterspace=0;extend=1.0;mapping=tex-text;!
Missing character: There is no อ in font Times New Roman/OT:script=latn;languag
e=dflt;letterspace=0.0;letterspace=0;extend=1.0;mapping=tex-text;!
Missing character: There is no ม in font Times New Roman/OT:script=latn;languag
e=dflt;letterspace=0.0;letterspace=0;extend=1.0;mapping=tex-text;!
Missing character: There is no พ in font Times New Roman/OT:script=latn;languag
e=dflt;letterspace=0.0;letterspace=0;extend=1.0;mapping=tex-text;!
Missing character: There is no ิ in font Times New Roman/OT:script=latn;languag
e=dflt;letterspace=0.0;letterspace=0;extend=1.0;mapping=tex-text;!
Missing character: There is no ว in font Times New Roman/OT:script=latn;languag
e=dflt;letterspace=0.0;letterspace=0;extend=1.0;mapping=tex-text;!
Missing character: There is no เ in font Times New Roman/OT:script=latn;languag
e=dflt;letterspace=0.0;letterspace=0;extend=1.0;mapping=tex-text;!
Missing character: There is no ต in font Times New Roman/OT:script=latn;languag
e=dflt;letterspace=0.0;letterspace=0;extend=1.0;mapping=tex-text;!
Missing character: There is no อ in font Times New Roman/OT:script=latn;languag
e=dflt;letterspace=0.0;letterspace=0;extend=1.0;mapping=tex-text;!
Missing character: There is no ร in font Times New Roman/OT:script=latn;languag
e=dflt;letterspace=0.0;letterspace=0;extend=1.0;mapping=tex-text;!
Missing character: There is no ์ in font Times New Roman/OT:script=latn;languag
e=dflt;letterspace=0.0;letterspace=0;extend=1.0;mapping=tex-text;!
Missing character: There is no ค in font Times New Roman/OT:script=latn;languag
e=dflt;letterspace=0.0;letterspace=0;extend=1.0;mapping=tex-text;!
Missing character: There is no ณ in font Times New Roman/OT:script=latn;languag
e=dflt;letterspace=0.0;letterspace=0;extend=1.0;mapping=tex-text;!
Missing character: There is no ะ in font Times New Roman/OT:script=latn;languag
e=dflt;letterspace=0.0;letterspace=0;extend=1.0;mapping=tex-text;!
Missing character: There is no ว in font Times New Roman/OT:script=latn;languag
e=dflt;letterspace=0.0;letterspace=0;extend=1.0;mapping=tex-text;!
Missing character: There is no ิ in font Times New Roman/OT:script=latn;languag
e=dflt;letterspace=0.0;letterspace=0;extend=1.0;mapping=tex-text;!
Missing character: There is no ศ in font Times New Roman/OT:script=latn;languag
e=dflt;letterspace=0.0;letterspace=0;extend=1.0;mapping=tex-text;!
Missing character: There is no ว in font Times New Roman/OT:script=latn;languag
e=dflt;letterspace=0.0;letterspace=0;extend=1.0;mapping=tex-text;!
Missing character: There is no ก in font Times New Roman/OT:script=latn;languag
e=dflt;letterspace=0.0;letterspace=0;extend=1.0;mapping=tex-text;!
Missing character: There is no ร in font Times New Roman/OT:script=latn;languag
e=dflt;letterspace=0.0;letterspace=0;extend=1.0;mapping=tex-text;!
Missing character: There is no ร in font Times New Roman/OT:script=latn;languag
e=dflt;letterspace=0.0;letterspace=0;extend=1.0;mapping=tex-text;!
Missing character: There is no ม in font Times New Roman/OT:script=latn;languag
e=dflt;letterspace=0.0;letterspace=0;extend=1.0;mapping=tex-text;!
Missing character: There is no ศ in font Times New Roman/OT:script=latn;languag
e=dflt;letterspace=0.0;letterspace=0;extend=1.0;mapping=tex-text;!
Missing character: There is no า in font Times New Roman/OT:script=latn;languag
e=dflt;letterspace=0.0;letterspace=0;extend=1.0;mapping=tex-text;!
Missing character: There is no ส in font Times New Roman/OT:script=latn;languag
e=dflt;letterspace=0.0;letterspace=0;extend=1.0;mapping=tex-text;!
Missing character: There is no ต in font Times New Roman/OT:script=latn;languag
e=dflt;letterspace=0.0;letterspace=0;extend=1.0;mapping=tex-text;!
Missing character: There is no ร in font Times New Roman/OT:script=latn;languag
e=dflt;letterspace=0.0;letterspace=0;extend=1.0;mapping=tex-text;!
Missing character: There is no ์ in font Times New Roman/OT:script=latn;languag
e=dflt;letterspace=0.0;letterspace=0;extend=1.0;mapping=tex-text;!
Missing character: There is no ป in font Times New Roman/OT:script=latn;languag
e=dflt;letterspace=0.0;letterspace=0;extend=1.0;mapping=tex-text;!
Missing character: There is no ี in font Times New Roman/OT:script=latn;languag
e=dflt;letterspace=0.0;letterspace=0;extend=1.0;mapping=tex-text;!
Missing character: There is no ก in font Times New Roman/OT:script=latn;languag
e=dflt;letterspace=0.0;letterspace=0;extend=1.0;mapping=tex-text;!
Missing character: There is no า in font Times New Roman/OT:script=latn;languag
e=dflt;letterspace=0.0;letterspace=0;extend=1.0;mapping=tex-text;!
Missing character: There is no ร in font Times New Roman/OT:script=latn;languag
e=dflt;letterspace=0.0;letterspace=0;extend=1.0;mapping=tex-text;!
Missing character: There is no ศ in font Times New Roman/OT:script=latn;languag
e=dflt;letterspace=0.0;letterspace=0;extend=1.0;mapping=tex-text;!
Missing character: There is no ึ in font Times New Roman/OT:script=latn;languag
e=dflt;letterspace=0.0;letterspace=0;extend=1.0;mapping=tex-text;!
Missing character: There is no ก in font Times New Roman/OT:script=latn;languag
e=dflt;letterspace=0.0;letterspace=0;extend=1.0;mapping=tex-text;!
Missing character: There is no ษ in font Times New Roman/OT:script=latn;languag
e=dflt;letterspace=0.0;letterspace=0;extend=1.0;mapping=tex-text;!
Missing character: There is no า in font Times New Roman/OT:script=latn;languag
e=dflt;letterspace=0.0;letterspace=0;extend=1.0;mapping=tex-text;!

Overfull \hbox (27.92245pt too wide) in paragraph at lines 180--180
[]  
 []

Missing character: There is no บ in font Times New Roman/OT:script=latn;languag
e=dflt;letterspace=0.0;letterspace=0;extend=1.0;mapping=tex-text;!
Missing character: There is no ท in font Times New Roman/OT:script=latn;languag
e=dflt;letterspace=0.0;letterspace=0;extend=1.0;mapping=tex-text;!
Missing character: There is no ค in font Times New Roman/OT:script=latn;languag
e=dflt;letterspace=0.0;letterspace=0;extend=1.0;mapping=tex-text;!
Missing character: There is no ั in font Times New Roman/OT:script=latn;languag
e=dflt;letterspace=0.0;letterspace=0;extend=1.0;mapping=tex-text;!
Missing character: There is no ด in font Times New Roman/OT:script=latn;languag
e=dflt;letterspace=0.0;letterspace=0;extend=1.0;mapping=tex-text;!
Missing character: There is no ย in font Times New Roman/OT:script=latn;languag
e=dflt;letterspace=0.0;letterspace=0;extend=1.0;mapping=tex-text;!
Missing character: There is no ่ in font Times New Roman/OT:script=latn;languag
e=dflt;letterspace=0.0;letterspace=0;extend=1.0;mapping=tex-text;!
Missing character: There is no อ in font Times New Roman/OT:script=latn;languag
e=dflt;letterspace=0.0;letterspace=0;extend=1.0;mapping=tex-text;!
Missing character: There is no ก in font Times New Roman/OT:script=latn;languag
e=dflt;letterspace=0.0;letterspace=0;extend=1.0;mapping=tex-text;!
Missing character: There is no า in font Times New Roman/OT:script=latn;languag
e=dflt;letterspace=0.0;letterspace=0;extend=1.0;mapping=tex-text;!
Missing character: There is no ร in font Times New Roman/OT:script=latn;languag
e=dflt;letterspace=0.0;letterspace=0;extend=1.0;mapping=tex-text;!
Missing character: There is no ว in font Times New Roman/OT:script=latn;languag
e=dflt;letterspace=0.0;letterspace=0;extend=1.0;mapping=tex-text;!
Missing character: There is no ิ in font Times New Roman/OT:script=latn;languag
e=dflt;letterspace=0.0;letterspace=0;extend=1.0;mapping=tex-text;!
Missing character: There is no จ in font Times New Roman/OT:script=latn;languag
e=dflt;letterspace=0.0;letterspace=0;extend=1.0;mapping=tex-text;!
Missing character: There is no ั in font Times New Roman/OT:script=latn;languag
e=dflt;letterspace=0.0;letterspace=0;extend=1.0;mapping=tex-text;!
Missing character: There is no ย in font Times New Roman/OT:script=latn;languag
e=dflt;letterspace=0.0;letterspace=0;extend=1.0;mapping=tex-text;!
Missing character: There is no ค in font Times New Roman/OT:script=latn;languag
e=dflt;letterspace=0.0;letterspace=0;extend=1.0;mapping=tex-text;!
Missing character: There is no ร in font Times New Roman/OT:script=latn;languag
e=dflt;letterspace=0.0;letterspace=0;extend=1.0;mapping=tex-text;!
Missing character: There is no ั in font Times New Roman/OT:script=latn;languag
e=dflt;letterspace=0.0;letterspace=0;extend=1.0;mapping=tex-text;!
Missing character: There is no ้ in font Times New Roman/OT:script=latn;languag
e=dflt;letterspace=0.0;letterspace=0;extend=1.0;mapping=tex-text;!
Missing character: There is no ง in font Times New Roman/OT:script=latn;languag
e=dflt;letterspace=0.0;letterspace=0;extend=1.0;mapping=tex-text;!
Missing character: There is no น in font Times New Roman/OT:script=latn;languag
e=dflt;letterspace=0.0;letterspace=0;extend=1.0;mapping=tex-text;!
Missing character: There is no ี in font Times New Roman/OT:script=latn;languag
e=dflt;letterspace=0.0;letterspace=0;extend=1.0;mapping=tex-text;!
Missing character: There is no ้ in font Times New Roman/OT:script=latn;languag
e=dflt;letterspace=0.0;letterspace=0;extend=1.0;mapping=tex-text;!
Missing character: There is no ม in font Times New Roman/OT:script=latn;languag
e=dflt;letterspace=0.0;letterspace=0;extend=1.0;mapping=tex-text;!
Missing character: There is no ี in font Times New Roman/OT:script=latn;languag
e=dflt;letterspace=0.0;letterspace=0;extend=1.0;mapping=tex-text;!
Missing character: There is no ว in font Times New Roman/OT:script=latn;languag
e=dflt;letterspace=0.0;letterspace=0;extend=1.0;mapping=tex-text;!
Missing character: There is no ั in font Times New Roman/OT:script=latn;languag
e=dflt;letterspace=0.0;letterspace=0;extend=1.0;mapping=tex-text;!
Missing character: There is no ต in font Times New Roman/OT:script=latn;languag
e=dflt;letterspace=0.0;letterspace=0;extend=1.0;mapping=tex-text;!
Missing character: There is no ถ in font Times New Roman/OT:script=latn;languag
e=dflt;letterspace=0.0;letterspace=0;extend=1.0;mapping=tex-text;!
Missing character: There is no ุ in font Times New Roman/OT:script=latn;languag
e=dflt;letterspace=0.0;letterspace=0;extend=1.0;mapping=tex-text;!
Missing character: There is no ป in font Times New Roman/OT:script=latn;languag
e=dflt;letterspace=0.0;letterspace=0;extend=1.0;mapping=tex-text;!
Missing character: There is no ร in font Times New Roman/OT:script=latn;languag
e=dflt;letterspace=0.0;letterspace=0;extend=1.0;mapping=tex-text;!
Missing character: There is no ะ in font Times New Roman/OT:script=latn;languag
e=dflt;letterspace=0.0;letterspace=0;extend=1.0;mapping=tex-text;!
Missing character: There is no ส in font Times New Roman/OT:script=latn;languag
e=dflt;letterspace=0.0;letterspace=0;extend=1.0;mapping=tex-text;!
Missing character: There is no ง in font Times New Roman/OT:script=latn;languag
e=dflt;letterspace=0.0;letterspace=0;extend=1.0;mapping=tex-text;!
Missing character: There is no ค in font Times New Roman/OT:script=latn;languag
e=dflt;letterspace=0.0;letterspace=0;extend=1.0;mapping=tex-text;!
Missing character: There is no ์ in font Times New Roman/OT:script=latn;languag
e=dflt;letterspace=0.0;letterspace=0;extend=1.0;mapping=tex-text;!
Missing character: There is no เ in font Times New Roman/OT:script=latn;languag
e=dflt;letterspace=0.0;letterspace=0;extend=1.0;mapping=tex-text;!
Missing character: There is no พ in font Times New Roman/OT:script=latn;languag
e=dflt;letterspace=0.0;letterspace=0;extend=1.0;mapping=tex-text;!
Missing character: There is no ื in font Times New Roman/OT:script=latn;languag
e=dflt;letterspace=0.0;letterspace=0;extend=1.0;mapping=tex-text;!
Missing character: There is no ่ in font Times New Roman/OT:script=latn;languag
e=dflt;letterspace=0.0;letterspace=0;extend=1.0;mapping=tex-text;!
Missing character: There is no อ in font Times New Roman/OT:script=latn;languag
e=dflt;letterspace=0.0;letterspace=0;extend=1.0;mapping=tex-text;!
Missing character: There is no ศ in font Times New Roman/OT:script=latn;languag
e=dflt;letterspace=0.0;letterspace=0;extend=1.0;mapping=tex-text;!
Missing character: There is no ึ in font Times New Roman/OT:script=latn;languag
e=dflt;letterspace=0.0;letterspace=0;extend=1.0;mapping=tex-text;!
Missing character: There is no ก in font Times New Roman/OT:script=latn;languag
e=dflt;letterspace=0.0;letterspace=0;extend=1.0;mapping=tex-text;!
Missing character: There is no ษ in font Times New Roman/OT:script=latn;languag
e=dflt;letterspace=0.0;letterspace=0;extend=1.0;mapping=tex-text;!
Missing character: There is no า in font Times New Roman/OT:script=latn;languag
e=dflt;letterspace=0.0;letterspace=0;extend=1.0;mapping=tex-text;!
Missing character: There is no ค in font Times New Roman/OT:script=latn;languag
e=dflt;letterspace=0.0;letterspace=0;extend=1.0;mapping=tex-text;!
Missing character: There is no ว in font Times New Roman/OT:script=latn;languag
e=dflt;letterspace=0.0;letterspace=0;extend=1.0;mapping=tex-text;!
Missing character: There is no า in font Times New Roman/OT:script=latn;languag
e=dflt;letterspace=0.0;letterspace=0;extend=1.0;mapping=tex-text;!
Missing character: There is no ม in font Times New Roman/OT:script=latn;languag
e=dflt;letterspace=0.0;letterspace=0;extend=1.0;mapping=tex-text;!
Missing character: There is no พ in font Times New Roman/OT:script=latn;languag
e=dflt;letterspace=0.0;letterspace=0;extend=1.0;mapping=tex-text;!
Missing character: There is no ึ in font Times New Roman/OT:script=latn;languag
e=dflt;letterspace=0.0;letterspace=0;extend=1.0;mapping=tex-text;!
Missing character: There is no ง in font Times New Roman/OT:script=latn;languag
e=dflt;letterspace=0.0;letterspace=0;extend=1.0;mapping=tex-text;!
Missing character: There is no พ in font Times New Roman/OT:script=latn;languag
e=dflt;letterspace=0.0;letterspace=0;extend=1.0;mapping=tex-text;!
Missing character: There is no อ in font Times New Roman/OT:script=latn;languag
e=dflt;letterspace=0.0;letterspace=0;extend=1.0;mapping=tex-text;!
Missing character: There is no ใ in font Times New Roman/OT:script=latn;languag
e=dflt;letterspace=0.0;letterspace=0;extend=1.0;mapping=tex-text;!
Missing character: There is no จ in font Times New Roman/OT:script=latn;languag
e=dflt;letterspace=0.0;letterspace=0;extend=1.0;mapping=tex-text;!
Missing character: There is no ใ in font Times New Roman/OT:script=latn;languag
e=dflt;letterspace=0.0;letterspace=0;extend=1.0;mapping=tex-text;!
Missing character: There is no น in font Times New Roman/OT:script=latn;languag
e=dflt;letterspace=0.0;letterspace=0;extend=1.0;mapping=tex-text;!
Missing character: There is no ก in font Times New Roman/OT:script=latn;languag
e=dflt;letterspace=0.0;letterspace=0;extend=1.0;mapping=tex-text;!
Missing character: There is no า in font Times New Roman/OT:script=latn;languag
e=dflt;letterspace=0.0;letterspace=0;extend=1.0;mapping=tex-text;!
Missing character: There is no ร in font Times New Roman/OT:script=latn;languag
e=dflt;letterspace=0.0;letterspace=0;extend=1.0;mapping=tex-text;!
Missing character: There is no ใ in font Times New Roman/OT:script=latn;languag
e=dflt;letterspace=0.0;letterspace=0;extend=1.0;mapping=tex-text;!
Missing character: There is no ห in font Times New Roman/OT:script=latn;languag
e=dflt;letterspace=0.0;letterspace=0;extend=1.0;mapping=tex-text;!
Missing character: There is no ้ in font Times New Roman/OT:script=latn;languag
e=dflt;letterspace=0.0;letterspace=0;extend=1.0;mapping=tex-text;!
Missing character: There is no บ in font Times New Roman/OT:script=latn;languag
e=dflt;letterspace=0.0;letterspace=0;extend=1.0;mapping=tex-text;!
Missing character: There is no ร in font Times New Roman/OT:script=latn;languag
e=dflt;letterspace=0.0;letterspace=0;extend=1.0;mapping=tex-text;!
Missing character: There is no ิ in font Times New Roman/OT:script=latn;languag
e=dflt;letterspace=0.0;letterspace=0;extend=1.0;mapping=tex-text;!
Missing character: There is no ก in font Times New Roman/OT:script=latn;languag
e=dflt;letterspace=0.0;letterspace=0;extend=1.0;mapping=tex-text;!
Missing character: There is no า in font Times New Roman/OT:script=latn;languag
e=dflt;letterspace=0.0;letterspace=0;extend=1.0;mapping=tex-text;!
Missing character: There is no ร in font Times New Roman/OT:script=latn;languag
e=dflt;letterspace=0.0;letterspace=0;extend=1.0;mapping=tex-text;!
Missing character: There is no ง in font Times New Roman/OT:script=latn;languag
e=dflt;letterspace=0.0;letterspace=0;extend=1.0;mapping=tex-text;!
Missing character: There is no า in font Times New Roman/OT:script=latn;languag
e=dflt;letterspace=0.0;letterspace=0;extend=1.0;mapping=tex-text;!
Missing character: There is no น in font Times New Roman/OT:script=latn;languag
e=dflt;letterspace=0.0;letterspace=0;extend=1.0;mapping=tex-text;!
Missing character: There is no ท in font Times New Roman/OT:script=latn;languag
e=dflt;letterspace=0.0;letterspace=0;extend=1.0;mapping=tex-text;!
Missing character: There is no ั in font Times New Roman/OT:script=latn;languag
e=dflt;letterspace=0.0;letterspace=0;extend=1.0;mapping=tex-text;!
Missing character: There is no ่ in font Times New Roman/OT:script=latn;languag
e=dflt;letterspace=0.0;letterspace=0;extend=1.0;mapping=tex-text;!
Missing character: There is no ว in font Times New Roman/OT:script=latn;languag
e=dflt;letterspace=0.0;letterspace=0;extend=1.0;mapping=tex-text;!
Missing character: There is no ไ in font Times New Roman/OT:script=latn;languag
e=dflt;letterspace=0.0;letterspace=0;extend=1.0;mapping=tex-text;!
Missing character: There is no ป in font Times New Roman/OT:script=latn;languag
e=dflt;letterspace=0.0;letterspace=0;extend=1.0;mapping=tex-text;!
Missing character: There is no ข in font Times New Roman/OT:script=latn;languag
e=dflt;letterspace=0.0;letterspace=0;extend=1.0;mapping=tex-text;!
Missing character: There is no อ in font Times New Roman/OT:script=latn;languag
e=dflt;letterspace=0.0;letterspace=0;extend=1.0;mapping=tex-text;!
Missing character: There is no ง in font Times New Roman/OT:script=latn;languag
e=dflt;letterspace=0.0;letterspace=0;extend=1.0;mapping=tex-text;!
Missing character: There is no ส in font Times New Roman/OT:script=latn;languag
e=dflt;letterspace=0.0;letterspace=0;extend=1.0;mapping=tex-text;!
Missing character: There is no า in font Times New Roman/OT:script=latn;languag
e=dflt;letterspace=0.0;letterspace=0;extend=1.0;mapping=tex-text;!
Missing character: There is no น in font Times New Roman/OT:script=latn;languag
e=dflt;letterspace=0.0;letterspace=0;extend=1.0;mapping=tex-text;!
Missing character: There is no ั in font Times New Roman/OT:script=latn;languag
e=dflt;letterspace=0.0;letterspace=0;extend=1.0;mapping=tex-text;!
Missing character: There is no ก in font Times New Roman/OT:script=latn;languag
e=dflt;letterspace=0.0;letterspace=0;extend=1.0;mapping=tex-text;!
Missing character: There is no ว in font Times New Roman/OT:script=latn;languag
e=dflt;letterspace=0.0;letterspace=0;extend=1.0;mapping=tex-text;!
Missing character: There is no ิ in font Times New Roman/OT:script=latn;languag
e=dflt;letterspace=0.0;letterspace=0;extend=1.0;mapping=tex-text;!
Missing character: There is no ช in font Times New Roman/OT:script=latn;languag
e=dflt;letterspace=0.0;letterspace=0;extend=1.0;mapping=tex-text;!
Missing character: There is no า in font Times New Roman/OT:script=latn;languag
e=dflt;letterspace=0.0;letterspace=0;extend=1.0;mapping=tex-text;!
Missing character: There is no พ in font Times New Roman/OT:script=latn;languag
e=dflt;letterspace=0.0;letterspace=0;extend=1.0;mapping=tex-text;!
Missing character: There is no ื in font Times New Roman/OT:script=latn;languag
e=dflt;letterspace=0.0;letterspace=0;extend=1.0;mapping=tex-text;!
Missing character: There is no ้ in font Times New Roman/OT:script=latn;languag
e=dflt;letterspace=0.0;letterspace=0;extend=1.0;mapping=tex-text;!
Missing character: There is no น in font Times New Roman/OT:script=latn;languag
e=dflt;letterspace=0.0;letterspace=0;extend=1.0;mapping=tex-text;!
Missing character: There is no ฐ in font Times New Roman/OT:script=latn;languag
e=dflt;letterspace=0.0;letterspace=0;extend=1.0;mapping=tex-text;!
Missing character: There is no า in font Times New Roman/OT:script=latn;languag
e=dflt;letterspace=0.0;letterspace=0;extend=1.0;mapping=tex-text;!
Missing character: There is no น in font Times New Roman/OT:script=latn;languag
e=dflt;letterspace=0.0;letterspace=0;extend=1.0;mapping=tex-text;!
Missing character: There is no แ in font Times New Roman/OT:script=latn;languag
e=dflt;letterspace=0.0;letterspace=0;extend=1.0;mapping=tex-text;!
Missing character: There is no ล in font Times New Roman/OT:script=latn;languag
e=dflt;letterspace=0.0;letterspace=0;extend=1.0;mapping=tex-text;!
Missing character: There is no ะ in font Times New Roman/OT:script=latn;languag
e=dflt;letterspace=0.0;letterspace=0;extend=1.0;mapping=tex-text;!
Missing character: There is no ภ in font Times New Roman/OT:script=latn;languag
e=dflt;letterspace=0.0;letterspace=0;extend=1.0;mapping=tex-text;!
Missing character: There is no า in font Times New Roman/OT:script=latn;languag
e=dflt;letterspace=0.0;letterspace=0;extend=1.0;mapping=tex-text;!
Missing character: There is no ษ in font Times New Roman/OT:script=latn;languag
e=dflt;letterspace=0.0;letterspace=0;extend=1.0;mapping=tex-text;!
Missing character: There is no า in font Times New Roman/OT:script=latn;languag
e=dflt;letterspace=0.0;letterspace=0;extend=1.0;mapping=tex-text;!
Missing character: There is no เ in font Times New Roman/OT:script=latn;languag
e=dflt;letterspace=0.0;letterspace=0;extend=1.0;mapping=tex-text;!
Missing character: There is no พ in font Times New Roman/OT:script=latn;languag
e=dflt;letterspace=0.0;letterspace=0;extend=1.0;mapping=tex-text;!
Missing character: There is no ื in font Times New Roman/OT:script=latn;languag
e=dflt;letterspace=0.0;letterspace=0;extend=1.0;mapping=tex-text;!
Missing character: There is no ่ in font Times New Roman/OT:script=latn;languag
e=dflt;letterspace=0.0;letterspace=0;extend=1.0;mapping=tex-text;!
Missing character: There is no อ in font Times New Roman/OT:script=latn;languag
e=dflt;letterspace=0.0;letterspace=0;extend=1.0;mapping=tex-text;!
Missing character: There is no เ in font Times New Roman/OT:script=latn;languag
e=dflt;letterspace=0.0;letterspace=0;extend=1.0;mapping=tex-text;!
Missing character: There is no ป in font Times New Roman/OT:script=latn;languag
e=dflt;letterspace=0.0;letterspace=0;extend=1.0;mapping=tex-text;!
Missing character: There is no ร in font Times New Roman/OT:script=latn;languag
e=dflt;letterspace=0.0;letterspace=0;extend=1.0;mapping=tex-text;!
Missing character: There is no ี in font Times New Roman/OT:script=latn;languag
e=dflt;letterspace=0.0;letterspace=0;extend=1.0;mapping=tex-text;!
Missing character: There is no ย in font Times New Roman/OT:script=latn;languag
e=dflt;letterspace=0.0;letterspace=0;extend=1.0;mapping=tex-text;!
Missing character: There is no บ in font Times New Roman/OT:script=latn;languag
e=dflt;letterspace=0.0;letterspace=0;extend=1.0;mapping=tex-text;!
Missing character: There is no เ in font Times New Roman/OT:script=latn;languag
e=dflt;letterspace=0.0;letterspace=0;extend=1.0;mapping=tex-text;!
Missing character: There is no ท in font Times New Roman/OT:script=latn;languag
e=dflt;letterspace=0.0;letterspace=0;extend=1.0;mapping=tex-text;!
Missing character: There is no ี in font Times New Roman/OT:script=latn;languag
e=dflt;letterspace=0.0;letterspace=0;extend=1.0;mapping=tex-text;!
Missing character: There is no ย in font Times New Roman/OT:script=latn;languag
e=dflt;letterspace=0.0;letterspace=0;extend=1.0;mapping=tex-text;!
Missing character: There is no บ in font Times New Roman/OT:script=latn;languag
e=dflt;letterspace=0.0;letterspace=0;extend=1.0;mapping=tex-text;!
Missing character: There is no ร in font Times New Roman/OT:script=latn;languag
e=dflt;letterspace=0.0;letterspace=0;extend=1.0;mapping=tex-text;!
Missing character: There is no ะ in font Times New Roman/OT:script=latn;languag
e=dflt;letterspace=0.0;letterspace=0;extend=1.0;mapping=tex-text;!
Missing character: There is no ด in font Times New Roman/OT:script=latn;languag
e=dflt;letterspace=0.0;letterspace=0;extend=1.0;mapping=tex-text;!
Missing character: There is no ั in font Times New Roman/OT:script=latn;languag
e=dflt;letterspace=0.0;letterspace=0;extend=1.0;mapping=tex-text;!
Missing character: There is no บ in font Times New Roman/OT:script=latn;languag
e=dflt;letterspace=0.0;letterspace=0;extend=1.0;mapping=tex-text;!
Missing character: There is no ค in font Times New Roman/OT:script=latn;languag
e=dflt;letterspace=0.0;letterspace=0;extend=1.0;mapping=tex-text;!
Missing character: There is no ว in font Times New Roman/OT:script=latn;languag
e=dflt;letterspace=0.0;letterspace=0;extend=1.0;mapping=tex-text;!
Missing character: There is no า in font Times New Roman/OT:script=latn;languag
e=dflt;letterspace=0.0;letterspace=0;extend=1.0;mapping=tex-text;!
Missing character: There is no ม in font Times New Roman/OT:script=latn;languag
e=dflt;letterspace=0.0;letterspace=0;extend=1.0;mapping=tex-text;!
Missing character: There is no พ in font Times New Roman/OT:script=latn;languag
e=dflt;letterspace=0.0;letterspace=0;extend=1.0;mapping=tex-text;!
Missing character: There is no ึ in font Times New Roman/OT:script=latn;languag
e=dflt;letterspace=0.0;letterspace=0;extend=1.0;mapping=tex-text;!
Missing character: There is no ง in font Times New Roman/OT:script=latn;languag
e=dflt;letterspace=0.0;letterspace=0;extend=1.0;mapping=tex-text;!
Missing character: There is no พ in font Times New Roman/OT:script=latn;languag
e=dflt;letterspace=0.0;letterspace=0;extend=1.0;mapping=tex-text;!
Missing character: There is no อ in font Times New Roman/OT:script=latn;languag
e=dflt;letterspace=0.0;letterspace=0;extend=1.0;mapping=tex-text;!
Missing character: There is no ใ in font Times New Roman/OT:script=latn;languag
e=dflt;letterspace=0.0;letterspace=0;extend=1.0;mapping=tex-text;!
Missing character: There is no จ in font Times New Roman/OT:script=latn;languag
e=dflt;letterspace=0.0;letterspace=0;extend=1.0;mapping=tex-text;!
Missing character: There is no ต in font Times New Roman/OT:script=latn;languag
e=dflt;letterspace=0.0;letterspace=0;extend=1.0;mapping=tex-text;!
Missing character: There is no ่ in font Times New Roman/OT:script=latn;languag
e=dflt;letterspace=0.0;letterspace=0;extend=1.0;mapping=tex-text;!
Missing character: There is no อ in font Times New Roman/OT:script=latn;languag
e=dflt;letterspace=0.0;letterspace=0;extend=1.0;mapping=tex-text;!
Missing character: There is no ก in font Times New Roman/OT:script=latn;languag
e=dflt;letterspace=0.0;letterspace=0;extend=1.0;mapping=tex-text;!
Missing character: There is no า in font Times New Roman/OT:script=latn;languag
e=dflt;letterspace=0.0;letterspace=0;extend=1.0;mapping=tex-text;!
Missing character: There is no ร in font Times New Roman/OT:script=latn;languag
e=dflt;letterspace=0.0;letterspace=0;extend=1.0;mapping=tex-text;!
Missing character: There is no ใ in font Times New Roman/OT:script=latn;languag
e=dflt;letterspace=0.0;letterspace=0;extend=1.0;mapping=tex-text;!
Missing character: There is no ห in font Times New Roman/OT:script=latn;languag
e=dflt;letterspace=0.0;letterspace=0;extend=1.0;mapping=tex-text;!
Missing character: There is no ้ in font Times New Roman/OT:script=latn;languag
e=dflt;letterspace=0.0;letterspace=0;extend=1.0;mapping=tex-text;!
Missing character: There is no บ in font Times New Roman/OT:script=latn;languag
e=dflt;letterspace=0.0;letterspace=0;extend=1.0;mapping=tex-text;!
Missing character: There is no ร in font Times New Roman/OT:script=latn;languag
e=dflt;letterspace=0.0;letterspace=0;extend=1.0;mapping=tex-text;!
Missing character: There is no ิ in font Times New Roman/OT:script=latn;languag
e=dflt;letterspace=0.0;letterspace=0;extend=1.0;mapping=tex-text;!
Missing character: There is no ก in font Times New Roman/OT:script=latn;languag
e=dflt;letterspace=0.0;letterspace=0;extend=1.0;mapping=tex-text;!
Missing character: There is no า in font Times New Roman/OT:script=latn;languag
e=dflt;letterspace=0.0;letterspace=0;extend=1.0;mapping=tex-text;!
Missing character: There is no ร in font Times New Roman/OT:script=latn;languag
e=dflt;letterspace=0.0;letterspace=0;extend=1.0;mapping=tex-text;!
Missing character: There is no ง in font Times New Roman/OT:script=latn;languag
e=dflt;letterspace=0.0;letterspace=0;extend=1.0;mapping=tex-text;!
Missing character: There is no า in font Times New Roman/OT:script=latn;languag
e=dflt;letterspace=0.0;letterspace=0;extend=1.0;mapping=tex-text;!
Missing character: There is no น in font Times New Roman/OT:script=latn;languag
e=dflt;letterspace=0.0;letterspace=0;extend=1.0;mapping=tex-text;!
Missing character: There is no ท in font Times New Roman/OT:script=latn;languag
e=dflt;letterspace=0.0;letterspace=0;extend=1.0;mapping=tex-text;!
Missing character: There is no ั in font Times New Roman/OT:script=latn;languag
e=dflt;letterspace=0.0;letterspace=0;extend=1.0;mapping=tex-text;!
Missing character: There is no ่ in font Times New Roman/OT:script=latn;languag
e=dflt;letterspace=0.0;letterspace=0;extend=1.0;mapping=tex-text;!
Missing character: There is no ว in font Times New Roman/OT:script=latn;languag
e=dflt;letterspace=0.0;letterspace=0;extend=1.0;mapping=tex-text;!
Missing character: There is no ไ in font Times New Roman/OT:script=latn;languag
e=dflt;letterspace=0.0;letterspace=0;extend=1.0;mapping=tex-text;!
Missing character: There is no ป in font Times New Roman/OT:script=latn;languag
e=dflt;letterspace=0.0;letterspace=0;extend=1.0;mapping=tex-text;!
Missing character: There is no ข in font Times New Roman/OT:script=latn;languag
e=dflt;letterspace=0.0;letterspace=0;extend=1.0;mapping=tex-text;!
Missing character: There is no อ in font Times New Roman/OT:script=latn;languag
e=dflt;letterspace=0.0;letterspace=0;extend=1.0;mapping=tex-text;!
Missing character: There is no ง in font Times New Roman/OT:script=latn;languag
e=dflt;letterspace=0.0;letterspace=0;extend=1.0;mapping=tex-text;!
Missing character: There is no ส in font Times New Roman/OT:script=latn;languag
e=dflt;letterspace=0.0;letterspace=0;extend=1.0;mapping=tex-text;!
Missing character: There is no า in font Times New Roman/OT:script=latn;languag
e=dflt;letterspace=0.0;letterspace=0;extend=1.0;mapping=tex-text;!
Missing character: There is no น in font Times New Roman/OT:script=latn;languag
e=dflt;letterspace=0.0;letterspace=0;extend=1.0;mapping=tex-text;!
Missing character: There is no ั in font Times New Roman/OT:script=latn;languag
e=dflt;letterspace=0.0;letterspace=0;extend=1.0;mapping=tex-text;!
Missing character: There is no ก in font Times New Roman/OT:script=latn;languag
e=dflt;letterspace=0.0;letterspace=0;extend=1.0;mapping=tex-text;!
Missing character: There is no ว in font Times New Roman/OT:script=latn;languag
e=dflt;letterspace=0.0;letterspace=0;extend=1.0;mapping=tex-text;!
Missing character: There is no ิ in font Times New Roman/OT:script=latn;languag
e=dflt;letterspace=0.0;letterspace=0;extend=1.0;mapping=tex-text;!
Missing character: There is no ช in font Times New Roman/OT:script=latn;languag
e=dflt;letterspace=0.0;letterspace=0;extend=1.0;mapping=tex-text;!
Missing character: There is no า in font Times New Roman/OT:script=latn;languag
e=dflt;letterspace=0.0;letterspace=0;extend=1.0;mapping=tex-text;!
Missing character: There is no พ in font Times New Roman/OT:script=latn;languag
e=dflt;letterspace=0.0;letterspace=0;extend=1.0;mapping=tex-text;!
Missing character: There is no ื in font Times New Roman/OT:script=latn;languag
e=dflt;letterspace=0.0;letterspace=0;extend=1.0;mapping=tex-text;!
Missing character: There is no ้ in font Times New Roman/OT:script=latn;languag
e=dflt;letterspace=0.0;letterspace=0;extend=1.0;mapping=tex-text;!
Missing character: There is no น in font Times New Roman/OT:script=latn;languag
e=dflt;letterspace=0.0;letterspace=0;extend=1.0;mapping=tex-text;!
Missing character: There is no ฐ in font Times New Roman/OT:script=latn;languag
e=dflt;letterspace=0.0;letterspace=0;extend=1.0;mapping=tex-text;!
Missing character: There is no า in font Times New Roman/OT:script=latn;languag
e=dflt;letterspace=0.0;letterspace=0;extend=1.0;mapping=tex-text;!
Missing character: There is no น in font Times New Roman/OT:script=latn;languag
e=dflt;letterspace=0.0;letterspace=0;extend=1.0;mapping=tex-text;!
Missing character: There is no แ in font Times New Roman/OT:script=latn;languag
e=dflt;letterspace=0.0;letterspace=0;extend=1.0;mapping=tex-text;!
Missing character: There is no ล in font Times New Roman/OT:script=latn;languag
e=dflt;letterspace=0.0;letterspace=0;extend=1.0;mapping=tex-text;!
Missing character: There is no ะ in font Times New Roman/OT:script=latn;languag
e=dflt;letterspace=0.0;letterspace=0;extend=1.0;mapping=tex-text;!
Missing character: There is no ภ in font Times New Roman/OT:script=latn;languag
e=dflt;letterspace=0.0;letterspace=0;extend=1.0;mapping=tex-text;!
Missing character: There is no า in font Times New Roman/OT:script=latn;languag
e=dflt;letterspace=0.0;letterspace=0;extend=1.0;mapping=tex-text;!
Missing character: There is no ษ in font Times New Roman/OT:script=latn;languag
e=dflt;letterspace=0.0;letterspace=0;extend=1.0;mapping=tex-text;!
Missing character: There is no า in font Times New Roman/OT:script=latn;languag
e=dflt;letterspace=0.0;letterspace=0;extend=1.0;mapping=tex-text;!
Missing character: There is no ข in font Times New Roman/OT:script=latn;languag
e=dflt;letterspace=0.0;letterspace=0;extend=1.0;mapping=tex-text;!
Missing character: There is no อ in font Times New Roman/OT:script=latn;languag
e=dflt;letterspace=0.0;letterspace=0;extend=1.0;mapping=tex-text;!
Missing character: There is no ง in font Times New Roman/OT:script=latn;languag
e=dflt;letterspace=0.0;letterspace=0;extend=1.0;mapping=tex-text;!
Missing character: There is no น in font Times New Roman/OT:script=latn;languag
e=dflt;letterspace=0.0;letterspace=0;extend=1.0;mapping=tex-text;!
Missing character: There is no ั in font Times New Roman/OT:script=latn;languag
e=dflt;letterspace=0.0;letterspace=0;extend=1.0;mapping=tex-text;!
Missing character: There is no ก in font Times New Roman/OT:script=latn;languag
e=dflt;letterspace=0.0;letterspace=0;extend=1.0;mapping=tex-text;!
Missing character: There is no ศ in font Times New Roman/OT:script=latn;languag
e=dflt;letterspace=0.0;letterspace=0;extend=1.0;mapping=tex-text;!
Missing character: There is no ึ in font Times New Roman/OT:script=latn;languag
e=dflt;letterspace=0.0;letterspace=0;extend=1.0;mapping=tex-text;!
Missing character: There is no ก in font Times New Roman/OT:script=latn;languag
e=dflt;letterspace=0.0;letterspace=0;extend=1.0;mapping=tex-text;!
Missing character: There is no ษ in font Times New Roman/OT:script=latn;languag
e=dflt;letterspace=0.0;letterspace=0;extend=1.0;mapping=tex-text;!
Missing character: There is no า in font Times New Roman/OT:script=latn;languag
e=dflt;letterspace=0.0;letterspace=0;extend=1.0;mapping=tex-text;!
Missing character: There is no ท in font Times New Roman/OT:script=latn;languag
e=dflt;letterspace=0.0;letterspace=0;extend=1.0;mapping=tex-text;!
Missing character: There is no ี in font Times New Roman/OT:script=latn;languag
e=dflt;letterspace=0.0;letterspace=0;extend=1.0;mapping=tex-text;!
Missing character: There is no ่ in font Times New Roman/OT:script=latn;languag
e=dflt;letterspace=0.0;letterspace=0;extend=1.0;mapping=tex-text;!
Missing character: There is no ม in font Times New Roman/OT:script=latn;languag
e=dflt;letterspace=0.0;letterspace=0;extend=1.0;mapping=tex-text;!
Missing character: There is no า in font Times New Roman/OT:script=latn;languag
e=dflt;letterspace=0.0;letterspace=0;extend=1.0;mapping=tex-text;!
Missing character: There is no ใ in font Times New Roman/OT:script=latn;languag
e=dflt;letterspace=0.0;letterspace=0;extend=1.0;mapping=tex-text;!
Missing character: There is no ช in font Times New Roman/OT:script=latn;languag
e=dflt;letterspace=0.0;letterspace=0;extend=1.0;mapping=tex-text;!
Missing character: There is no ้ in font Times New Roman/OT:script=latn;languag
e=dflt;letterspace=0.0;letterspace=0;extend=1.0;mapping=tex-text;!
Missing character: There is no บ in font Times New Roman/OT:script=latn;languag
e=dflt;letterspace=0.0;letterspace=0;extend=1.0;mapping=tex-text;!
Missing character: There is no ร in font Times New Roman/OT:script=latn;languag
e=dflt;letterspace=0.0;letterspace=0;extend=1.0;mapping=tex-text;!
Missing character: There is no ิ in font Times New Roman/OT:script=latn;languag
e=dflt;letterspace=0.0;letterspace=0;extend=1.0;mapping=tex-text;!
Missing character: There is no ก in font Times New Roman/OT:script=latn;languag
e=dflt;letterspace=0.0;letterspace=0;extend=1.0;mapping=tex-text;!
Missing character: There is no า in font Times New Roman/OT:script=latn;languag
e=dflt;letterspace=0.0;letterspace=0;extend=1.0;mapping=tex-text;!
Missing character: There is no ร in font Times New Roman/OT:script=latn;languag
e=dflt;letterspace=0.0;letterspace=0;extend=1.0;mapping=tex-text;!
Missing character: There is no ส in font Times New Roman/OT:script=latn;languag
e=dflt;letterspace=0.0;letterspace=0;extend=1.0;mapping=tex-text;!
Missing character: There is no า in font Times New Roman/OT:script=latn;languag
e=dflt;letterspace=0.0;letterspace=0;extend=1.0;mapping=tex-text;!
Missing character: There is no น in font Times New Roman/OT:script=latn;languag
e=dflt;letterspace=0.0;letterspace=0;extend=1.0;mapping=tex-text;!
Missing character: There is no ั in font Times New Roman/OT:script=latn;languag
e=dflt;letterspace=0.0;letterspace=0;extend=1.0;mapping=tex-text;!
Missing character: There is no ก in font Times New Roman/OT:script=latn;languag
e=dflt;letterspace=0.0;letterspace=0;extend=1.0;mapping=tex-text;!
Missing character: There is no ว in font Times New Roman/OT:script=latn;languag
e=dflt;letterspace=0.0;letterspace=0;extend=1.0;mapping=tex-text;!
Missing character: There is no ิ in font Times New Roman/OT:script=latn;languag
e=dflt;letterspace=0.0;letterspace=0;extend=1.0;mapping=tex-text;!
Missing character: There is no ช in font Times New Roman/OT:script=latn;languag
e=dflt;letterspace=0.0;letterspace=0;extend=1.0;mapping=tex-text;!
Missing character: There is no า in font Times New Roman/OT:script=latn;languag
e=dflt;letterspace=0.0;letterspace=0;extend=1.0;mapping=tex-text;!
Missing character: There is no พ in font Times New Roman/OT:script=latn;languag
e=dflt;letterspace=0.0;letterspace=0;extend=1.0;mapping=tex-text;!
Missing character: There is no ื in font Times New Roman/OT:script=latn;languag
e=dflt;letterspace=0.0;letterspace=0;extend=1.0;mapping=tex-text;!
Missing character: There is no ้ in font Times New Roman/OT:script=latn;languag
e=dflt;letterspace=0.0;letterspace=0;extend=1.0;mapping=tex-text;!
Missing character: There is no น in font Times New Roman/OT:script=latn;languag
e=dflt;letterspace=0.0;letterspace=0;extend=1.0;mapping=tex-text;!
Missing character: There is no ฐ in font Times New Roman/OT:script=latn;languag
e=dflt;letterspace=0.0;letterspace=0;extend=1.0;mapping=tex-text;!
Missing character: There is no า in font Times New Roman/OT:script=latn;languag
e=dflt;letterspace=0.0;letterspace=0;extend=1.0;mapping=tex-text;!
Missing character: There is no น in font Times New Roman/OT:script=latn;languag
e=dflt;letterspace=0.0;letterspace=0;extend=1.0;mapping=tex-text;!
Missing character: There is no แ in font Times New Roman/OT:script=latn;languag
e=dflt;letterspace=0.0;letterspace=0;extend=1.0;mapping=tex-text;!
Missing character: There is no ล in font Times New Roman/OT:script=latn;languag
e=dflt;letterspace=0.0;letterspace=0;extend=1.0;mapping=tex-text;!
Missing character: There is no ะ in font Times New Roman/OT:script=latn;languag
e=dflt;letterspace=0.0;letterspace=0;extend=1.0;mapping=tex-text;!
Missing character: There is no ภ in font Times New Roman/OT:script=latn;languag
e=dflt;letterspace=0.0;letterspace=0;extend=1.0;mapping=tex-text;!
Missing character: There is no า in font Times New Roman/OT:script=latn;languag
e=dflt;letterspace=0.0;letterspace=0;extend=1.0;mapping=tex-text;!
Missing character: There is no ษ in font Times New Roman/OT:script=latn;languag
e=dflt;letterspace=0.0;letterspace=0;extend=1.0;mapping=tex-text;!
Missing character: There is no า in font Times New Roman/OT:script=latn;languag
e=dflt;letterspace=0.0;letterspace=0;extend=1.0;mapping=tex-text;!
Missing character: There is no ส in font Times New Roman/OT:script=latn;languag
e=dflt;letterspace=0.0;letterspace=0;extend=1.0;mapping=tex-text;!
Missing character: There is no ถ in font Times New Roman/OT:script=latn;languag
e=dflt;letterspace=0.0;letterspace=0;extend=1.0;mapping=tex-text;!
Missing character: There is no า in font Times New Roman/OT:script=latn;languag
e=dflt;letterspace=0.0;letterspace=0;extend=1.0;mapping=tex-text;!
Missing character: There is no บ in font Times New Roman/OT:script=latn;languag
e=dflt;letterspace=0.0;letterspace=0;extend=1.0;mapping=tex-text;!
Missing character: There is no ั in font Times New Roman/OT:script=latn;languag
e=dflt;letterspace=0.0;letterspace=0;extend=1.0;mapping=tex-text;!
Missing character: There is no น in font Times New Roman/OT:script=latn;languag
e=dflt;letterspace=0.0;letterspace=0;extend=1.0;mapping=tex-text;!
Missing character: There is no เ in font Times New Roman/OT:script=latn;languag
e=dflt;letterspace=0.0;letterspace=0;extend=1.0;mapping=tex-text;!
Missing character: There is no ท in font Times New Roman/OT:script=latn;languag
e=dflt;letterspace=0.0;letterspace=0;extend=1.0;mapping=tex-text;!
Missing character: There is no ค in font Times New Roman/OT:script=latn;languag
e=dflt;letterspace=0.0;letterspace=0;extend=1.0;mapping=tex-text;!
Missing character: There is no โ in font Times New Roman/OT:script=latn;languag
e=dflt;letterspace=0.0;letterspace=0;extend=1.0;mapping=tex-text;!
Missing character: There is no น in font Times New Roman/OT:script=latn;languag
e=dflt;letterspace=0.0;letterspace=0;extend=1.0;mapping=tex-text;!
Missing character: There is no โ in font Times New Roman/OT:script=latn;languag
e=dflt;letterspace=0.0;letterspace=0;extend=1.0;mapping=tex-text;!
Missing character: There is no ล in font Times New Roman/OT:script=latn;languag
e=dflt;letterspace=0.0;letterspace=0;extend=1.0;mapping=tex-text;!
Missing character: There is no ย in font Times New Roman/OT:script=latn;languag
e=dflt;letterspace=0.0;letterspace=0;extend=1.0;mapping=tex-text;!
Missing character: There is no ี in font Times New Roman/OT:script=latn;languag
e=dflt;letterspace=0.0;letterspace=0;extend=1.0;mapping=tex-text;!
Missing character: There is no ไ in font Times New Roman/OT:script=latn;languag
e=dflt;letterspace=0.0;letterspace=0;extend=1.0;mapping=tex-text;!
Missing character: There is no ท in font Times New Roman/OT:script=latn;languag
e=dflt;letterspace=0.0;letterspace=0;extend=1.0;mapping=tex-text;!
Missing character: There is no ย in font Times New Roman/OT:script=latn;languag
e=dflt;letterspace=0.0;letterspace=0;extend=1.0;mapping=tex-text;!
Missing character: There is no ญ in font Times New Roman/OT:script=latn;languag
e=dflt;letterspace=0.0;letterspace=0;extend=1.0;mapping=tex-text;!
Missing character: There is no ี in font Times New Roman/OT:script=latn;languag
e=dflt;letterspace=0.0;letterspace=0;extend=1.0;mapping=tex-text;!
Missing character: There is no ่ in font Times New Roman/OT:script=latn;languag
e=dflt;letterspace=0.0;letterspace=0;extend=1.0;mapping=tex-text;!
Missing character: There is no ป in font Times New Roman/OT:script=latn;languag
e=dflt;letterspace=0.0;letterspace=0;extend=1.0;mapping=tex-text;!
Missing character: There is no ุ in font Times New Roman/OT:script=latn;languag
e=dflt;letterspace=0.0;letterspace=0;extend=1.0;mapping=tex-text;!
Missing character: There is no ่ in font Times New Roman/OT:script=latn;languag
e=dflt;letterspace=0.0;letterspace=0;extend=1.0;mapping=tex-text;!
Missing character: There is no น in font Times New Roman/OT:script=latn;languag
e=dflt;letterspace=0.0;letterspace=0;extend=1.0;mapping=tex-text;!
Missing character: There is no จ in font Times New Roman/OT:script=latn;languag
e=dflt;letterspace=0.0;letterspace=0;extend=1.0;mapping=tex-text;!
Missing character: There is no า in font Times New Roman/OT:script=latn;languag
e=dflt;letterspace=0.0;letterspace=0;extend=1.0;mapping=tex-text;!
Missing character: There is no แ in font Times New Roman/OT:script=latn;languag
e=dflt;letterspace=0.0;letterspace=0;extend=1.0;mapping=tex-text;!
Missing character: There is no น in font Times New Roman/OT:script=latn;languag
e=dflt;letterspace=0.0;letterspace=0;extend=1.0;mapping=tex-text;!
Missing character: There is no ก in font Times New Roman/OT:script=latn;languag
e=dflt;letterspace=0.0;letterspace=0;extend=1.0;mapping=tex-text;!
Missing character: There is no ต in font Times New Roman/OT:script=latn;languag
e=dflt;letterspace=0.0;letterspace=0;extend=1.0;mapping=tex-text;!
Missing character: There is no า in font Times New Roman/OT:script=latn;languag
e=dflt;letterspace=0.0;letterspace=0;extend=1.0;mapping=tex-text;!
Missing character: There is no ม in font Times New Roman/OT:script=latn;languag
e=dflt;letterspace=0.0;letterspace=0;extend=1.0;mapping=tex-text;!
Missing character: There is no เ in font Times New Roman/OT:script=latn;languag
e=dflt;letterspace=0.0;letterspace=0;extend=1.0;mapping=tex-text;!
Missing character: There is no พ in font Times New Roman/OT:script=latn;languag
e=dflt;letterspace=0.0;letterspace=0;extend=1.0;mapping=tex-text;!
Missing character: There is no ศ in font Times New Roman/OT:script=latn;languag
e=dflt;letterspace=0.0;letterspace=0;extend=1.0;mapping=tex-text;!
Missing character: There is no ค in font Times New Roman/OT:script=latn;languag
e=dflt;letterspace=0.0;letterspace=0;extend=1.0;mapping=tex-text;!
Missing character: There is no ณ in font Times New Roman/OT:script=latn;languag
e=dflt;letterspace=0.0;letterspace=0;extend=1.0;mapping=tex-text;!
Missing character: There is no ะ in font Times New Roman/OT:script=latn;languag
e=dflt;letterspace=0.0;letterspace=0;extend=1.0;mapping=tex-text;!
Missing character: There is no แ in font Times New Roman/OT:script=latn;languag
e=dflt;letterspace=0.0;letterspace=0;extend=1.0;mapping=tex-text;!
Missing character: There is no ล in font Times New Roman/OT:script=latn;languag
e=dflt;letterspace=0.0;letterspace=0;extend=1.0;mapping=tex-text;!
Missing character: There is no ะ in font Times New Roman/OT:script=latn;languag
e=dflt;letterspace=0.0;letterspace=0;extend=1.0;mapping=tex-text;!
Missing character: There is no ช in font Times New Roman/OT:script=latn;languag
e=dflt;letterspace=0.0;letterspace=0;extend=1.0;mapping=tex-text;!
Missing character: There is no ั in font Times New Roman/OT:script=latn;languag
e=dflt;letterspace=0.0;letterspace=0;extend=1.0;mapping=tex-text;!
Missing character: There is no ้ in font Times New Roman/OT:script=latn;languag
e=dflt;letterspace=0.0;letterspace=0;extend=1.0;mapping=tex-text;!
Missing character: There is no น in font Times New Roman/OT:script=latn;languag
e=dflt;letterspace=0.0;letterspace=0;extend=1.0;mapping=tex-text;!
Missing character: There is no ป in font Times New Roman/OT:script=latn;languag
e=dflt;letterspace=0.0;letterspace=0;extend=1.0;mapping=tex-text;!
Missing character: There is no ี in font Times New Roman/OT:script=latn;languag
e=dflt;letterspace=0.0;letterspace=0;extend=1.0;mapping=tex-text;!
Missing character: There is no ท in font Times New Roman/OT:script=latn;languag
e=dflt;letterspace=0.0;letterspace=0;extend=1.0;mapping=tex-text;!
Missing character: There is no ี in font Times New Roman/OT:script=latn;languag
e=dflt;letterspace=0.0;letterspace=0;extend=1.0;mapping=tex-text;!
Missing character: There is no ่ in font Times New Roman/OT:script=latn;languag
e=dflt;letterspace=0.0;letterspace=0;extend=1.0;mapping=tex-text;!
Missing character: There is no ศ in font Times New Roman/OT:script=latn;languag
e=dflt;letterspace=0.0;letterspace=0;extend=1.0;mapping=tex-text;!
Missing character: There is no ึ in font Times New Roman/OT:script=latn;languag
e=dflt;letterspace=0.0;letterspace=0;extend=1.0;mapping=tex-text;!
Missing character: There is no ก in font Times New Roman/OT:script=latn;languag
e=dflt;letterspace=0.0;letterspace=0;extend=1.0;mapping=tex-text;!
Missing character: There is no ษ in font Times New Roman/OT:script=latn;languag
e=dflt;letterspace=0.0;letterspace=0;extend=1.0;mapping=tex-text;!
Missing character: There is no า in font Times New Roman/OT:script=latn;languag
e=dflt;letterspace=0.0;letterspace=0;extend=1.0;mapping=tex-text;!
Missing character: There is no เ in font Times New Roman/OT:script=latn;languag
e=dflt;letterspace=0.0;letterspace=0;extend=1.0;mapping=tex-text;!
Missing character: There is no พ in font Times New Roman/OT:script=latn;languag
e=dflt;letterspace=0.0;letterspace=0;extend=1.0;mapping=tex-text;!
Missing character: There is no ื in font Times New Roman/OT:script=latn;languag
e=dflt;letterspace=0.0;letterspace=0;extend=1.0;mapping=tex-text;!
Missing character: There is no ่ in font Times New Roman/OT:script=latn;languag
e=dflt;letterspace=0.0;letterspace=0;extend=1.0;mapping=tex-text;!
Missing character: There is no อ in font Times New Roman/OT:script=latn;languag
e=dflt;letterspace=0.0;letterspace=0;extend=1.0;mapping=tex-text;!
Missing character: There is no ศ in font Times New Roman/OT:script=latn;languag
e=dflt;letterspace=0.0;letterspace=0;extend=1.0;mapping=tex-text;!
Missing character: There is no ึ in font Times New Roman/OT:script=latn;languag
e=dflt;letterspace=0.0;letterspace=0;extend=1.0;mapping=tex-text;!
Missing character: There is no ก in font Times New Roman/OT:script=latn;languag
e=dflt;letterspace=0.0;letterspace=0;extend=1.0;mapping=tex-text;!
Missing character: There is no ษ in font Times New Roman/OT:script=latn;languag
e=dflt;letterspace=0.0;letterspace=0;extend=1.0;mapping=tex-text;!
Missing character: There is no า in font Times New Roman/OT:script=latn;languag
e=dflt;letterspace=0.0;letterspace=0;extend=1.0;mapping=tex-text;!
Missing character: There is no ป in font Times New Roman/OT:script=latn;languag
e=dflt;letterspace=0.0;letterspace=0;extend=1.0;mapping=tex-text;!
Missing character: There is no ั in font Times New Roman/OT:script=latn;languag
e=dflt;letterspace=0.0;letterspace=0;extend=1.0;mapping=tex-text;!
Missing character: There is no ญ in font Times New Roman/OT:script=latn;languag
e=dflt;letterspace=0.0;letterspace=0;extend=1.0;mapping=tex-text;!
Missing character: There is no ห in font Times New Roman/OT:script=latn;languag
e=dflt;letterspace=0.0;letterspace=0;extend=1.0;mapping=tex-text;!
Missing character: There is no า in font Times New Roman/OT:script=latn;languag
e=dflt;letterspace=0.0;letterspace=0;extend=1.0;mapping=tex-text;!
Missing character: There is no แ in font Times New Roman/OT:script=latn;languag
e=dflt;letterspace=0.0;letterspace=0;extend=1.0;mapping=tex-text;!
Missing character: There is no ล in font Times New Roman/OT:script=latn;languag
e=dflt;letterspace=0.0;letterspace=0;extend=1.0;mapping=tex-text;!
Missing character: There is no ะ in font Times New Roman/OT:script=latn;languag
e=dflt;letterspace=0.0;letterspace=0;extend=1.0;mapping=tex-text;!
Missing character: There is no ข in font Times New Roman/OT:script=latn;languag
e=dflt;letterspace=0.0;letterspace=0;extend=1.0;mapping=tex-text;!
Missing character: There is no ้ in font Times New Roman/OT:script=latn;languag
e=dflt;letterspace=0.0;letterspace=0;extend=1.0;mapping=tex-text;!
Missing character: There is no อ in font Times New Roman/OT:script=latn;languag
e=dflt;letterspace=0.0;letterspace=0;extend=1.0;mapping=tex-text;!
Missing character: There is no เ in font Times New Roman/OT:script=latn;languag
e=dflt;letterspace=0.0;letterspace=0;extend=1.0;mapping=tex-text;!
Missing character: There is no ส in font Times New Roman/OT:script=latn;languag
e=dflt;letterspace=0.0;letterspace=0;extend=1.0;mapping=tex-text;!
Missing character: There is no น in font Times New Roman/OT:script=latn;languag
e=dflt;letterspace=0.0;letterspace=0;extend=1.0;mapping=tex-text;!
Missing character: There is no อ in font Times New Roman/OT:script=latn;languag
e=dflt;letterspace=0.0;letterspace=0;extend=1.0;mapping=tex-text;!
Missing character: There is no แ in font Times New Roman/OT:script=latn;languag
e=dflt;letterspace=0.0;letterspace=0;extend=1.0;mapping=tex-text;!
Missing character: There is no น in font Times New Roman/OT:script=latn;languag
e=dflt;letterspace=0.0;letterspace=0;extend=1.0;mapping=tex-text;!
Missing character: There is no ะ in font Times New Roman/OT:script=latn;languag
e=dflt;letterspace=0.0;letterspace=0;extend=1.0;mapping=tex-text;!
Missing character: There is no ข in font Times New Roman/OT:script=latn;languag
e=dflt;letterspace=0.0;letterspace=0;extend=1.0;mapping=tex-text;!
Missing character: There is no อ in font Times New Roman/OT:script=latn;languag
e=dflt;letterspace=0.0;letterspace=0;extend=1.0;mapping=tex-text;!
Missing character: There is no ง in font Times New Roman/OT:script=latn;languag
e=dflt;letterspace=0.0;letterspace=0;extend=1.0;mapping=tex-text;!
Missing character: There is no น in font Times New Roman/OT:script=latn;languag
e=dflt;letterspace=0.0;letterspace=0;extend=1.0;mapping=tex-text;!
Missing character: There is no ั in font Times New Roman/OT:script=latn;languag
e=dflt;letterspace=0.0;letterspace=0;extend=1.0;mapping=tex-text;!
Missing character: There is no ก in font Times New Roman/OT:script=latn;languag
e=dflt;letterspace=0.0;letterspace=0;extend=1.0;mapping=tex-text;!
Missing character: There is no ศ in font Times New Roman/OT:script=latn;languag
e=dflt;letterspace=0.0;letterspace=0;extend=1.0;mapping=tex-text;!
Missing character: There is no ึ in font Times New Roman/OT:script=latn;languag
e=dflt;letterspace=0.0;letterspace=0;extend=1.0;mapping=tex-text;!
Missing character: There is no ก in font Times New Roman/OT:script=latn;languag
e=dflt;letterspace=0.0;letterspace=0;extend=1.0;mapping=tex-text;!
Missing character: There is no ษ in font Times New Roman/OT:script=latn;languag
e=dflt;letterspace=0.0;letterspace=0;extend=1.0;mapping=tex-text;!
Missing character: There is no า in font Times New Roman/OT:script=latn;languag
e=dflt;letterspace=0.0;letterspace=0;extend=1.0;mapping=tex-text;!
Missing character: There is no ม in font Times New Roman/OT:script=latn;languag
e=dflt;letterspace=0.0;letterspace=0;extend=1.0;mapping=tex-text;!
Missing character: There is no า in font Times New Roman/OT:script=latn;languag
e=dflt;letterspace=0.0;letterspace=0;extend=1.0;mapping=tex-text;!
Missing character: There is no เ in font Times New Roman/OT:script=latn;languag
e=dflt;letterspace=0.0;letterspace=0;extend=1.0;mapping=tex-text;!
Missing character: There is no ป in font Times New Roman/OT:script=latn;languag
e=dflt;letterspace=0.0;letterspace=0;extend=1.0;mapping=tex-text;!
Missing character: There is no ็ in font Times New Roman/OT:script=latn;languag
e=dflt;letterspace=0.0;letterspace=0;extend=1.0;mapping=tex-text;!
Missing character: There is no น in font Times New Roman/OT:script=latn;languag
e=dflt;letterspace=0.0;letterspace=0;extend=1.0;mapping=tex-text;!
Missing character: There is no แ in font Times New Roman/OT:script=latn;languag
e=dflt;letterspace=0.0;letterspace=0;extend=1.0;mapping=tex-text;!
Missing character: There is no น in font Times New Roman/OT:script=latn;languag
e=dflt;letterspace=0.0;letterspace=0;extend=1.0;mapping=tex-text;!
Missing character: There is no ว in font Times New Roman/OT:script=latn;languag
e=dflt;letterspace=0.0;letterspace=0;extend=1.0;mapping=tex-text;!
Missing character: There is no ท in font Times New Roman/OT:script=latn;languag
e=dflt;letterspace=0.0;letterspace=0;extend=1.0;mapping=tex-text;!
Missing character: There is no า in font Times New Roman/OT:script=latn;languag
e=dflt;letterspace=0.0;letterspace=0;extend=1.0;mapping=tex-text;!
Missing character: There is no ง in font Times New Roman/OT:script=latn;languag
e=dflt;letterspace=0.0;letterspace=0;extend=1.0;mapping=tex-text;!
Missing character: There is no ใ in font Times New Roman/OT:script=latn;languag
e=dflt;letterspace=0.0;letterspace=0;extend=1.0;mapping=tex-text;!
Missing character: There is no น in font Times New Roman/OT:script=latn;languag
e=dflt;letterspace=0.0;letterspace=0;extend=1.0;mapping=tex-text;!
Missing character: There is no ก in font Times New Roman/OT:script=latn;languag
e=dflt;letterspace=0.0;letterspace=0;extend=1.0;mapping=tex-text;!
Missing character: There is no า in font Times New Roman/OT:script=latn;languag
e=dflt;letterspace=0.0;letterspace=0;extend=1.0;mapping=tex-text;!
Missing character: There is no ร in font Times New Roman/OT:script=latn;languag
e=dflt;letterspace=0.0;letterspace=0;extend=1.0;mapping=tex-text;!
Missing character: There is no พ in font Times New Roman/OT:script=latn;languag
e=dflt;letterspace=0.0;letterspace=0;extend=1.0;mapping=tex-text;!
Missing character: There is no ั in font Times New Roman/OT:script=latn;languag
e=dflt;letterspace=0.0;letterspace=0;extend=1.0;mapping=tex-text;!
Missing character: There is no ฒ in font Times New Roman/OT:script=latn;languag
e=dflt;letterspace=0.0;letterspace=0;extend=1.0;mapping=tex-text;!
Missing character: There is no น in font Times New Roman/OT:script=latn;languag
e=dflt;letterspace=0.0;letterspace=0;extend=1.0;mapping=tex-text;!
Missing character: There is no า in font Times New Roman/OT:script=latn;languag
e=dflt;letterspace=0.0;letterspace=0;extend=1.0;mapping=tex-text;!
Missing character: There is no แ in font Times New Roman/OT:script=latn;languag
e=dflt;letterspace=0.0;letterspace=0;extend=1.0;mapping=tex-text;!
Missing character: There is no ล in font Times New Roman/OT:script=latn;languag
e=dflt;letterspace=0.0;letterspace=0;extend=1.0;mapping=tex-text;!
Missing character: There is no ะ in font Times New Roman/OT:script=latn;languag
e=dflt;letterspace=0.0;letterspace=0;extend=1.0;mapping=tex-text;!
Missing character: There is no ป in font Times New Roman/OT:script=latn;languag
e=dflt;letterspace=0.0;letterspace=0;extend=1.0;mapping=tex-text;!
Missing character: There is no ร in font Times New Roman/OT:script=latn;languag
e=dflt;letterspace=0.0;letterspace=0;extend=1.0;mapping=tex-text;!
Missing character: There is no ั in font Times New Roman/OT:script=latn;languag
e=dflt;letterspace=0.0;letterspace=0;extend=1.0;mapping=tex-text;!
Missing character: There is no บ in font Times New Roman/OT:script=latn;languag
e=dflt;letterspace=0.0;letterspace=0;extend=1.0;mapping=tex-text;!
Missing character: There is no ป in font Times New Roman/OT:script=latn;languag
e=dflt;letterspace=0.0;letterspace=0;extend=1.0;mapping=tex-text;!
Missing character: There is no ร in font Times New Roman/OT:script=latn;languag
e=dflt;letterspace=0.0;letterspace=0;extend=1.0;mapping=tex-text;!
Missing character: There is no ุ in font Times New Roman/OT:script=latn;languag
e=dflt;letterspace=0.0;letterspace=0;extend=1.0;mapping=tex-text;!
Missing character: There is no ง in font Times New Roman/OT:script=latn;languag
e=dflt;letterspace=0.0;letterspace=0;extend=1.0;mapping=tex-text;!
Missing character: There is no ก in font Times New Roman/OT:script=latn;languag
e=dflt;letterspace=0.0;letterspace=0;extend=1.0;mapping=tex-text;!
Missing character: There is no า in font Times New Roman/OT:script=latn;languag
e=dflt;letterspace=0.0;letterspace=0;extend=1.0;mapping=tex-text;!
Missing character: There is no ร in font Times New Roman/OT:script=latn;languag
e=dflt;letterspace=0.0;letterspace=0;extend=1.0;mapping=tex-text;!
Missing character: There is no ใ in font Times New Roman/OT:script=latn;languag
e=dflt;letterspace=0.0;letterspace=0;extend=1.0;mapping=tex-text;!
Missing character: There is no ห in font Times New Roman/OT:script=latn;languag
e=dflt;letterspace=0.0;letterspace=0;extend=1.0;mapping=tex-text;!
Missing character: There is no ้ in font Times New Roman/OT:script=latn;languag
e=dflt;letterspace=0.0;letterspace=0;extend=1.0;mapping=tex-text;!
Missing character: There is no บ in font Times New Roman/OT:script=latn;languag
e=dflt;letterspace=0.0;letterspace=0;extend=1.0;mapping=tex-text;!
Missing character: There is no ร in font Times New Roman/OT:script=latn;languag
e=dflt;letterspace=0.0;letterspace=0;extend=1.0;mapping=tex-text;!
Missing character: There is no ิ in font Times New Roman/OT:script=latn;languag
e=dflt;letterspace=0.0;letterspace=0;extend=1.0;mapping=tex-text;!
Missing character: There is no ก in font Times New Roman/OT:script=latn;languag
e=dflt;letterspace=0.0;letterspace=0;extend=1.0;mapping=tex-text;!
Missing character: There is no า in font Times New Roman/OT:script=latn;languag
e=dflt;letterspace=0.0;letterspace=0;extend=1.0;mapping=tex-text;!
Missing character: There is no ร in font Times New Roman/OT:script=latn;languag
e=dflt;letterspace=0.0;letterspace=0;extend=1.0;mapping=tex-text;!
Missing character: There is no ข in font Times New Roman/OT:script=latn;languag
e=dflt;letterspace=0.0;letterspace=0;extend=1.0;mapping=tex-text;!
Missing character: There is no อ in font Times New Roman/OT:script=latn;languag
e=dflt;letterspace=0.0;letterspace=0;extend=1.0;mapping=tex-text;!
Missing character: There is no ง in font Times New Roman/OT:script=latn;languag
e=dflt;letterspace=0.0;letterspace=0;extend=1.0;mapping=tex-text;!
Missing character: There is no ส in font Times New Roman/OT:script=latn;languag
e=dflt;letterspace=0.0;letterspace=0;extend=1.0;mapping=tex-text;!
Missing character: There is no า in font Times New Roman/OT:script=latn;languag
e=dflt;letterspace=0.0;letterspace=0;extend=1.0;mapping=tex-text;!
Missing character: There is no น in font Times New Roman/OT:script=latn;languag
e=dflt;letterspace=0.0;letterspace=0;extend=1.0;mapping=tex-text;!
Missing character: There is no ั in font Times New Roman/OT:script=latn;languag
e=dflt;letterspace=0.0;letterspace=0;extend=1.0;mapping=tex-text;!
Missing character: There is no ก in font Times New Roman/OT:script=latn;languag
e=dflt;letterspace=0.0;letterspace=0;extend=1.0;mapping=tex-text;!
Missing character: There is no ว in font Times New Roman/OT:script=latn;languag
e=dflt;letterspace=0.0;letterspace=0;extend=1.0;mapping=tex-text;!
Missing character: There is no ิ in font Times New Roman/OT:script=latn;languag
e=dflt;letterspace=0.0;letterspace=0;extend=1.0;mapping=tex-text;!
Missing character: There is no ช in font Times New Roman/OT:script=latn;languag
e=dflt;letterspace=0.0;letterspace=0;extend=1.0;mapping=tex-text;!
Missing character: There is no า in font Times New Roman/OT:script=latn;languag
e=dflt;letterspace=0.0;letterspace=0;extend=1.0;mapping=tex-text;!
Missing character: There is no พ in font Times New Roman/OT:script=latn;languag
e=dflt;letterspace=0.0;letterspace=0;extend=1.0;mapping=tex-text;!
Missing character: There is no ื in font Times New Roman/OT:script=latn;languag
e=dflt;letterspace=0.0;letterspace=0;extend=1.0;mapping=tex-text;!
Missing character: There is no ้ in font Times New Roman/OT:script=latn;languag
e=dflt;letterspace=0.0;letterspace=0;extend=1.0;mapping=tex-text;!
Missing character: There is no น in font Times New Roman/OT:script=latn;languag
e=dflt;letterspace=0.0;letterspace=0;extend=1.0;mapping=tex-text;!
Missing character: There is no ฐ in font Times New Roman/OT:script=latn;languag
e=dflt;letterspace=0.0;letterspace=0;extend=1.0;mapping=tex-text;!
Missing character: There is no า in font Times New Roman/OT:script=latn;languag
e=dflt;letterspace=0.0;letterspace=0;extend=1.0;mapping=tex-text;!
Missing character: There is no น in font Times New Roman/OT:script=latn;languag
e=dflt;letterspace=0.0;letterspace=0;extend=1.0;mapping=tex-text;!
Missing character: There is no แ in font Times New Roman/OT:script=latn;languag
e=dflt;letterspace=0.0;letterspace=0;extend=1.0;mapping=tex-text;!
Missing character: There is no ล in font Times New Roman/OT:script=latn;languag
e=dflt;letterspace=0.0;letterspace=0;extend=1.0;mapping=tex-text;!
Missing character: There is no ะ in font Times New Roman/OT:script=latn;languag
e=dflt;letterspace=0.0;letterspace=0;extend=1.0;mapping=tex-text;!
Missing character: There is no ภ in font Times New Roman/OT:script=latn;languag
e=dflt;letterspace=0.0;letterspace=0;extend=1.0;mapping=tex-text;!
Missing character: There is no า in font Times New Roman/OT:script=latn;languag
e=dflt;letterspace=0.0;letterspace=0;extend=1.0;mapping=tex-text;!
Missing character: There is no ษ in font Times New Roman/OT:script=latn;languag
e=dflt;letterspace=0.0;letterspace=0;extend=1.0;mapping=tex-text;!
Missing character: There is no า in font Times New Roman/OT:script=latn;languag
e=dflt;letterspace=0.0;letterspace=0;extend=1.0;mapping=tex-text;!
Missing character: There is no เ in font Times New Roman/OT:script=latn;languag
e=dflt;letterspace=0.0;letterspace=0;extend=1.0;mapping=tex-text;!
Missing character: There is no น in font Times New Roman/OT:script=latn;languag
e=dflt;letterspace=0.0;letterspace=0;extend=1.0;mapping=tex-text;!
Missing character: There is no ื in font Times New Roman/OT:script=latn;languag
e=dflt;letterspace=0.0;letterspace=0;extend=1.0;mapping=tex-text;!
Missing character: There is no ่ in font Times New Roman/OT:script=latn;languag
e=dflt;letterspace=0.0;letterspace=0;extend=1.0;mapping=tex-text;!
Missing character: There is no อ in font Times New Roman/OT:script=latn;languag
e=dflt;letterspace=0.0;letterspace=0;extend=1.0;mapping=tex-text;!
Missing character: There is no ง in font Times New Roman/OT:script=latn;languag
e=dflt;letterspace=0.0;letterspace=0;extend=1.0;mapping=tex-text;!
Missing character: There is no จ in font Times New Roman/OT:script=latn;languag
e=dflt;letterspace=0.0;letterspace=0;extend=1.0;mapping=tex-text;!
Missing character: There is no า in font Times New Roman/OT:script=latn;languag
e=dflt;letterspace=0.0;letterspace=0;extend=1.0;mapping=tex-text;!
Missing character: There is no ก in font Times New Roman/OT:script=latn;languag
e=dflt;letterspace=0.0;letterspace=0;extend=1.0;mapping=tex-text;!
Missing character: There is no ใ in font Times New Roman/OT:script=latn;languag
e=dflt;letterspace=0.0;letterspace=0;extend=1.0;mapping=tex-text;!
Missing character: There is no น in font Times New Roman/OT:script=latn;languag
e=dflt;letterspace=0.0;letterspace=0;extend=1.0;mapping=tex-text;!
Missing character: There is no ย in font Times New Roman/OT:script=latn;languag
e=dflt;letterspace=0.0;letterspace=0;extend=1.0;mapping=tex-text;!
Missing character: There is no ุ in font Times New Roman/OT:script=latn;languag
e=dflt;letterspace=0.0;letterspace=0;extend=1.0;mapping=tex-text;!
Missing character: There is no ค in font Times New Roman/OT:script=latn;languag
e=dflt;letterspace=0.0;letterspace=0;extend=1.0;mapping=tex-text;!
Missing character: There is no ส in font Times New Roman/OT:script=latn;languag
e=dflt;letterspace=0.0;letterspace=0;extend=1.0;mapping=tex-text;!
Missing character: There is no ม in font Times New Roman/OT:script=latn;languag
e=dflt;letterspace=0.0;letterspace=0;extend=1.0;mapping=tex-text;!
Missing character: There is no ั in font Times New Roman/OT:script=latn;languag
e=dflt;letterspace=0.0;letterspace=0;extend=1.0;mapping=tex-text;!
Missing character: There is no ย in font Times New Roman/OT:script=latn;languag
e=dflt;letterspace=0.0;letterspace=0;extend=1.0;mapping=tex-text;!
Missing character: There is no น in font Times New Roman/OT:script=latn;languag
e=dflt;letterspace=0.0;letterspace=0;extend=1.0;mapping=tex-text;!
Missing character: There is no ี in font Times New Roman/OT:script=latn;languag
e=dflt;letterspace=0.0;letterspace=0;extend=1.0;mapping=tex-text;!
Missing character: There is no ้ in font Times New Roman/OT:script=latn;languag
e=dflt;letterspace=0.0;letterspace=0;extend=1.0;mapping=tex-text;!
Missing character: There is no โ in font Times New Roman/OT:script=latn;languag
e=dflt;letterspace=0.0;letterspace=0;extend=1.0;mapping=tex-text;!
Missing character: There is no ล in font Times New Roman/OT:script=latn;languag
e=dflt;letterspace=0.0;letterspace=0;extend=1.0;mapping=tex-text;!
Missing character: There is no ก in font Times New Roman/OT:script=latn;languag
e=dflt;letterspace=0.0;letterspace=0;extend=1.0;mapping=tex-text;!
Missing character: There is no เ in font Times New Roman/OT:script=latn;languag
e=dflt;letterspace=0.0;letterspace=0;extend=1.0;mapping=tex-text;!
Missing character: There is no ร in font Times New Roman/OT:script=latn;languag
e=dflt;letterspace=0.0;letterspace=0;extend=1.0;mapping=tex-text;!
Missing character: There is no า in font Times New Roman/OT:script=latn;languag
e=dflt;letterspace=0.0;letterspace=0;extend=1.0;mapping=tex-text;!
Missing character: There is no ไ in font Times New Roman/OT:script=latn;languag
e=dflt;letterspace=0.0;letterspace=0;extend=1.0;mapping=tex-text;!
Missing character: There is no ด in font Times New Roman/OT:script=latn;languag
e=dflt;letterspace=0.0;letterspace=0;extend=1.0;mapping=tex-text;!
Missing character: There is no ้ in font Times New Roman/OT:script=latn;languag
e=dflt;letterspace=0.0;letterspace=0;extend=1.0;mapping=tex-text;!
Missing character: There is no เ in font Times New Roman/OT:script=latn;languag
e=dflt;letterspace=0.0;letterspace=0;extend=1.0;mapping=tex-text;!
Missing character: There is no ข in font Times New Roman/OT:script=latn;languag
e=dflt;letterspace=0.0;letterspace=0;extend=1.0;mapping=tex-text;!
Missing character: There is no ้ in font Times New Roman/OT:script=latn;languag
e=dflt;letterspace=0.0;letterspace=0;extend=1.0;mapping=tex-text;!
Missing character: There is no า in font Times New Roman/OT:script=latn;languag
e=dflt;letterspace=0.0;letterspace=0;extend=1.0;mapping=tex-text;!
Missing character: There is no ส in font Times New Roman/OT:script=latn;languag
e=dflt;letterspace=0.0;letterspace=0;extend=1.0;mapping=tex-text;!
Missing character: There is no ู in font Times New Roman/OT:script=latn;languag
e=dflt;letterspace=0.0;letterspace=0;extend=1.0;mapping=tex-text;!
Missing character: There is no ่ in font Times New Roman/OT:script=latn;languag
e=dflt;letterspace=0.0;letterspace=0;extend=1.0;mapping=tex-text;!
Missing character: There is no ย in font Times New Roman/OT:script=latn;languag
e=dflt;letterspace=0.0;letterspace=0;extend=1.0;mapping=tex-text;!
Missing character: There is no ุ in font Times New Roman/OT:script=latn;languag
e=dflt;letterspace=0.0;letterspace=0;extend=1.0;mapping=tex-text;!
Missing character: There is no ค in font Times New Roman/OT:script=latn;languag
e=dflt;letterspace=0.0;letterspace=0;extend=1.0;mapping=tex-text;!
Missing character: There is no ข in font Times New Roman/OT:script=latn;languag
e=dflt;letterspace=0.0;letterspace=0;extend=1.0;mapping=tex-text;!
Missing character: There is no อ in font Times New Roman/OT:script=latn;languag
e=dflt;letterspace=0.0;letterspace=0;extend=1.0;mapping=tex-text;!
Missing character: There is no ง in font Times New Roman/OT:script=latn;languag
e=dflt;letterspace=0.0;letterspace=0;extend=1.0;mapping=tex-text;!
Missing character: There is no ข in font Times New Roman/OT:script=latn;languag
e=dflt;letterspace=0.0;letterspace=0;extend=1.0;mapping=tex-text;!
Missing character: There is no ้ in font Times New Roman/OT:script=latn;languag
e=dflt;letterspace=0.0;letterspace=0;extend=1.0;mapping=tex-text;!
Missing character: There is no อ in font Times New Roman/OT:script=latn;languag
e=dflt;letterspace=0.0;letterspace=0;extend=1.0;mapping=tex-text;!
Missing character: There is no ม in font Times New Roman/OT:script=latn;languag
e=dflt;letterspace=0.0;letterspace=0;extend=1.0;mapping=tex-text;!
Missing character: There is no ู in font Times New Roman/OT:script=latn;languag
e=dflt;letterspace=0.0;letterspace=0;extend=1.0;mapping=tex-text;!
Missing character: There is no ล in font Times New Roman/OT:script=latn;languag
e=dflt;letterspace=0.0;letterspace=0;extend=1.0;mapping=tex-text;!
Missing character: There is no ม in font Times New Roman/OT:script=latn;languag
e=dflt;letterspace=0.0;letterspace=0;extend=1.0;mapping=tex-text;!
Missing character: There is no ห in font Times New Roman/OT:script=latn;languag
e=dflt;letterspace=0.0;letterspace=0;extend=1.0;mapping=tex-text;!
Missing character: There is no ั in font Times New Roman/OT:script=latn;languag
e=dflt;letterspace=0.0;letterspace=0;extend=1.0;mapping=tex-text;!
Missing character: There is no ต in font Times New Roman/OT:script=latn;languag
e=dflt;letterspace=0.0;letterspace=0;extend=1.0;mapping=tex-text;!
Missing character: There is no ซ in font Times New Roman/OT:script=latn;languag
e=dflt;letterspace=0.0;letterspace=0;extend=1.0;mapping=tex-text;!
Missing character: There is no ึ in font Times New Roman/OT:script=latn;languag
e=dflt;letterspace=0.0;letterspace=0;extend=1.0;mapping=tex-text;!
Missing character: There is no ่ in font Times New Roman/OT:script=latn;languag
e=dflt;letterspace=0.0;letterspace=0;extend=1.0;mapping=tex-text;!
Missing character: There is no ง in font Times New Roman/OT:script=latn;languag
e=dflt;letterspace=0.0;letterspace=0;extend=1.0;mapping=tex-text;!
Missing character: There is no บ in font Times New Roman/OT:script=latn;languag
e=dflt;letterspace=0.0;letterspace=0;extend=1.0;mapping=tex-text;!
Missing character: There is no ร in font Times New Roman/OT:script=latn;languag
e=dflt;letterspace=0.0;letterspace=0;extend=1.0;mapping=tex-text;!
Missing character: There is no ิ in font Times New Roman/OT:script=latn;languag
e=dflt;letterspace=0.0;letterspace=0;extend=1.0;mapping=tex-text;!
Missing character: There is no ษ in font Times New Roman/OT:script=latn;languag
e=dflt;letterspace=0.0;letterspace=0;extend=1.0;mapping=tex-text;!
Missing character: There is no ั in font Times New Roman/OT:script=latn;languag
e=dflt;letterspace=0.0;letterspace=0;extend=1.0;mapping=tex-text;!
Missing character: There is no ท in font Times New Roman/OT:script=latn;languag
e=dflt;letterspace=0.0;letterspace=0;extend=1.0;mapping=tex-text;!
Missing character: There is no ต in font Times New Roman/OT:script=latn;languag
e=dflt;letterspace=0.0;letterspace=0;extend=1.0;mapping=tex-text;!
Missing character: There is no ่ in font Times New Roman/OT:script=latn;languag
e=dflt;letterspace=0.0;letterspace=0;extend=1.0;mapping=tex-text;!
Missing character: There is no า in font Times New Roman/OT:script=latn;languag
e=dflt;letterspace=0.0;letterspace=0;extend=1.0;mapping=tex-text;!
Missing character: There is no ง in font Times New Roman/OT:script=latn;languag
e=dflt;letterspace=0.0;letterspace=0;extend=1.0;mapping=tex-text;!
Missing character: There is no ๆ in font Times New Roman/OT:script=latn;languag
e=dflt;letterspace=0.0;letterspace=0;extend=1.0;mapping=tex-text;!
Missing character: There is no ก in font Times New Roman/OT:script=latn;languag
e=dflt;letterspace=0.0;letterspace=0;extend=1.0;mapping=tex-text;!
Missing character: There is no ็ in font Times New Roman/OT:script=latn;languag
e=dflt;letterspace=0.0;letterspace=0;extend=1.0;mapping=tex-text;!
Missing character: There is no เ in font Times New Roman/OT:script=latn;languag
e=dflt;letterspace=0.0;letterspace=0;extend=1.0;mapping=tex-text;!
Missing character: There is no ร in font Times New Roman/OT:script=latn;languag
e=dflt;letterspace=0.0;letterspace=0;extend=1.0;mapping=tex-text;!
Missing character: There is no ิ in font Times New Roman/OT:script=latn;languag
e=dflt;letterspace=0.0;letterspace=0;extend=1.0;mapping=tex-text;!
Missing character: There is no ่ in font Times New Roman/OT:script=latn;languag
e=dflt;letterspace=0.0;letterspace=0;extend=1.0;mapping=tex-text;!
Missing character: There is no ม in font Times New Roman/OT:script=latn;languag
e=dflt;letterspace=0.0;letterspace=0;extend=1.0;mapping=tex-text;!
Missing character: There is no ข in font Times New Roman/OT:script=latn;languag
e=dflt;letterspace=0.0;letterspace=0;extend=1.0;mapping=tex-text;!
Missing character: There is no ั in font Times New Roman/OT:script=latn;languag
e=dflt;letterspace=0.0;letterspace=0;extend=1.0;mapping=tex-text;!
Missing character: There is no บ in font Times New Roman/OT:script=latn;languag
e=dflt;letterspace=0.0;letterspace=0;extend=1.0;mapping=tex-text;!
Missing character: There is no เ in font Times New Roman/OT:script=latn;languag
e=dflt;letterspace=0.0;letterspace=0;extend=1.0;mapping=tex-text;!
Missing character: There is no ค in font Times New Roman/OT:script=latn;languag
e=dflt;letterspace=0.0;letterspace=0;extend=1.0;mapping=tex-text;!
Missing character: There is no ล in font Times New Roman/OT:script=latn;languag
e=dflt;letterspace=0.0;letterspace=0;extend=1.0;mapping=tex-text;!
Missing character: There is no ื in font Times New Roman/OT:script=latn;languag
e=dflt;letterspace=0.0;letterspace=0;extend=1.0;mapping=tex-text;!
Missing character: There is no ่ in font Times New Roman/OT:script=latn;languag
e=dflt;letterspace=0.0;letterspace=0;extend=1.0;mapping=tex-text;!
Missing character: There is no อ in font Times New Roman/OT:script=latn;languag
e=dflt;letterspace=0.0;letterspace=0;extend=1.0;mapping=tex-text;!
Missing character: There is no น in font Times New Roman/OT:script=latn;languag
e=dflt;letterspace=0.0;letterspace=0;extend=1.0;mapping=tex-text;!
Missing character: There is no ธ in font Times New Roman/OT:script=latn;languag
e=dflt;letterspace=0.0;letterspace=0;extend=1.0;mapping=tex-text;!
Missing character: There is no ุ in font Times New Roman/OT:script=latn;languag
e=dflt;letterspace=0.0;letterspace=0;extend=1.0;mapping=tex-text;!
Missing character: There is no ร in font Times New Roman/OT:script=latn;languag
e=dflt;letterspace=0.0;letterspace=0;extend=1.0;mapping=tex-text;!
Missing character: There is no ก in font Times New Roman/OT:script=latn;languag
e=dflt;letterspace=0.0;letterspace=0;extend=1.0;mapping=tex-text;!
Missing character: There is no ิ in font Times New Roman/OT:script=latn;languag
e=dflt;letterspace=0.0;letterspace=0;extend=1.0;mapping=tex-text;!
Missing character: There is no จ in font Times New Roman/OT:script=latn;languag
e=dflt;letterspace=0.0;letterspace=0;extend=1.0;mapping=tex-text;!
Missing character: There is no ด in font Times New Roman/OT:script=latn;languag
e=dflt;letterspace=0.0;letterspace=0;extend=1.0;mapping=tex-text;!
Missing character: There is no ้ in font Times New Roman/OT:script=latn;languag
e=dflt;letterspace=0.0;letterspace=0;extend=1.0;mapping=tex-text;!
Missing character: There is no ว in font Times New Roman/OT:script=latn;languag
e=dflt;letterspace=0.0;letterspace=0;extend=1.0;mapping=tex-text;!
Missing character: There is no ย in font Times New Roman/OT:script=latn;languag
e=dflt;letterspace=0.0;letterspace=0;extend=1.0;mapping=tex-text;!
Missing character: There is no ข in font Times New Roman/OT:script=latn;languag
e=dflt;letterspace=0.0;letterspace=0;extend=1.0;mapping=tex-text;!
Missing character: There is no ้ in font Times New Roman/OT:script=latn;languag
e=dflt;letterspace=0.0;letterspace=0;extend=1.0;mapping=tex-text;!
Missing character: There is no อ in font Times New Roman/OT:script=latn;languag
e=dflt;letterspace=0.0;letterspace=0;extend=1.0;mapping=tex-text;!
Missing character: There is no ม in font Times New Roman/OT:script=latn;languag
e=dflt;letterspace=0.0;letterspace=0;extend=1.0;mapping=tex-text;!
Missing character: There is no ู in font Times New Roman/OT:script=latn;languag
e=dflt;letterspace=0.0;letterspace=0;extend=1.0;mapping=tex-text;!
Missing character: There is no ล in font Times New Roman/OT:script=latn;languag
e=dflt;letterspace=0.0;letterspace=0;extend=1.0;mapping=tex-text;!
Missing character: There is no แ in font Times New Roman/OT:script=latn;languag
e=dflt;letterspace=0.0;letterspace=0;extend=1.0;mapping=tex-text;!
Missing character: There is no ล in font Times New Roman/OT:script=latn;languag
e=dflt;letterspace=0.0;letterspace=0;extend=1.0;mapping=tex-text;!
Missing character: There is no ้ in font Times New Roman/OT:script=latn;languag
e=dflt;letterspace=0.0;letterspace=0;extend=1.0;mapping=tex-text;!
Missing character: There is no ว in font Times New Roman/OT:script=latn;languag
e=dflt;letterspace=0.0;letterspace=0;extend=1.0;mapping=tex-text;!
Missing character: There is no โ in font Times New Roman/OT:script=latn;languag
e=dflt;letterspace=0.0;letterspace=0;extend=1.0;mapping=tex-text;!
Missing character: There is no ด in font Times New Roman/OT:script=latn;languag
e=dflt;letterspace=0.0;letterspace=0;extend=1.0;mapping=tex-text;!
Missing character: There is no ย in font Times New Roman/OT:script=latn;languag
e=dflt;letterspace=0.0;letterspace=0;extend=1.0;mapping=tex-text;!
Missing character: There is no ธ in font Times New Roman/OT:script=latn;languag
e=dflt;letterspace=0.0;letterspace=0;extend=1.0;mapping=tex-text;!
Missing character: There is no ุ in font Times New Roman/OT:script=latn;languag
e=dflt;letterspace=0.0;letterspace=0;extend=1.0;mapping=tex-text;!
Missing character: There is no ร in font Times New Roman/OT:script=latn;languag
e=dflt;letterspace=0.0;letterspace=0;extend=1.0;mapping=tex-text;!
Missing character: There is no ก in font Times New Roman/OT:script=latn;languag
e=dflt;letterspace=0.0;letterspace=0;extend=1.0;mapping=tex-text;!
Missing character: There is no ิ in font Times New Roman/OT:script=latn;languag
e=dflt;letterspace=0.0;letterspace=0;extend=1.0;mapping=tex-text;!
Missing character: There is no จ in font Times New Roman/OT:script=latn;languag
e=dflt;letterspace=0.0;letterspace=0;extend=1.0;mapping=tex-text;!
Missing character: There is no ท in font Times New Roman/OT:script=latn;languag
e=dflt;letterspace=0.0;letterspace=0;extend=1.0;mapping=tex-text;!
Missing character: There is no ี in font Times New Roman/OT:script=latn;languag
e=dflt;letterspace=0.0;letterspace=0;extend=1.0;mapping=tex-text;!
Missing character: There is no ่ in font Times New Roman/OT:script=latn;languag
e=dflt;letterspace=0.0;letterspace=0;extend=1.0;mapping=tex-text;!
Missing character: There is no ม in font Times New Roman/OT:script=latn;languag
e=dflt;letterspace=0.0;letterspace=0;extend=1.0;mapping=tex-text;!
Missing character: There is no ี in font Times New Roman/OT:script=latn;languag
e=dflt;letterspace=0.0;letterspace=0;extend=1.0;mapping=tex-text;!
Missing character: There is no ข in font Times New Roman/OT:script=latn;languag
e=dflt;letterspace=0.0;letterspace=0;extend=1.0;mapping=tex-text;!
Missing character: There is no ้ in font Times New Roman/OT:script=latn;languag
e=dflt;letterspace=0.0;letterspace=0;extend=1.0;mapping=tex-text;!
Missing character: There is no อ in font Times New Roman/OT:script=latn;languag
e=dflt;letterspace=0.0;letterspace=0;extend=1.0;mapping=tex-text;!
Missing character: There is no ม in font Times New Roman/OT:script=latn;languag
e=dflt;letterspace=0.0;letterspace=0;extend=1.0;mapping=tex-text;!
Missing character: There is no ู in font Times New Roman/OT:script=latn;languag
e=dflt;letterspace=0.0;letterspace=0;extend=1.0;mapping=tex-text;!
Missing character: There is no ล in font Times New Roman/OT:script=latn;languag
e=dflt;letterspace=0.0;letterspace=0;extend=1.0;mapping=tex-text;!
Missing character: There is no ข in font Times New Roman/OT:script=latn;languag
e=dflt;letterspace=0.0;letterspace=0;extend=1.0;mapping=tex-text;!
Missing character: There is no น in font Times New Roman/OT:script=latn;languag
e=dflt;letterspace=0.0;letterspace=0;extend=1.0;mapping=tex-text;!
Missing character: There is no า in font Times New Roman/OT:script=latn;languag
e=dflt;letterspace=0.0;letterspace=0;extend=1.0;mapping=tex-text;!
Missing character: There is no ด in font Times New Roman/OT:script=latn;languag
e=dflt;letterspace=0.0;letterspace=0;extend=1.0;mapping=tex-text;!
Missing character: There is no ใ in font Times New Roman/OT:script=latn;languag
e=dflt;letterspace=0.0;letterspace=0;extend=1.0;mapping=tex-text;!
Missing character: There is no ห in font Times New Roman/OT:script=latn;languag
e=dflt;letterspace=0.0;letterspace=0;extend=1.0;mapping=tex-text;!
Missing character: There is no ญ in font Times New Roman/OT:script=latn;languag
e=dflt;letterspace=0.0;letterspace=0;extend=1.0;mapping=tex-text;!
Missing character: There is no ่ in font Times New Roman/OT:script=latn;languag
e=dflt;letterspace=0.0;letterspace=0;extend=1.0;mapping=tex-text;!
Missing character: There is no อ in font Times New Roman/OT:script=latn;languag
e=dflt;letterspace=0.0;letterspace=0;extend=1.0;mapping=tex-text;!
Missing character: There is no ย in font Times New Roman/OT:script=latn;languag
e=dflt;letterspace=0.0;letterspace=0;extend=1.0;mapping=tex-text;!
Missing character: There is no ่ in font Times New Roman/OT:script=latn;languag
e=dflt;letterspace=0.0;letterspace=0;extend=1.0;mapping=tex-text;!
Missing character: There is no า in font Times New Roman/OT:script=latn;languag
e=dflt;letterspace=0.0;letterspace=0;extend=1.0;mapping=tex-text;!
Missing character: There is no ง in font Times New Roman/OT:script=latn;languag
e=dflt;letterspace=0.0;letterspace=0;extend=1.0;mapping=tex-text;!
Missing character: There is no ท in font Times New Roman/OT:script=latn;languag
e=dflt;letterspace=0.0;letterspace=0;extend=1.0;mapping=tex-text;!
Missing character: There is no ี in font Times New Roman/OT:script=latn;languag
e=dflt;letterspace=0.0;letterspace=0;extend=1.0;mapping=tex-text;!
Missing character: There is no ่ in font Times New Roman/OT:script=latn;languag
e=dflt;letterspace=0.0;letterspace=0;extend=1.0;mapping=tex-text;!
Missing character: There is no เ in font Times New Roman/OT:script=latn;languag
e=dflt;letterspace=0.0;letterspace=0;extend=1.0;mapping=tex-text;!
Missing character: There is no ห in font Times New Roman/OT:script=latn;languag
e=dflt;letterspace=0.0;letterspace=0;extend=1.0;mapping=tex-text;!
Missing character: There is no ็ in font Times New Roman/OT:script=latn;languag
e=dflt;letterspace=0.0;letterspace=0;extend=1.0;mapping=tex-text;!
Missing character: There is no น in font Times New Roman/OT:script=latn;languag
e=dflt;letterspace=0.0;letterspace=0;extend=1.0;mapping=tex-text;!
Missing character: There is no ง in font Times New Roman/OT:script=latn;languag
e=dflt;letterspace=0.0;letterspace=0;extend=1.0;mapping=tex-text;!
Missing character: There is no ่ in font Times New Roman/OT:script=latn;languag
e=dflt;letterspace=0.0;letterspace=0;extend=1.0;mapping=tex-text;!
Missing character: There is no า in font Times New Roman/OT:script=latn;languag
e=dflt;letterspace=0.0;letterspace=0;extend=1.0;mapping=tex-text;!
Missing character: There is no ย in font Times New Roman/OT:script=latn;languag
e=dflt;letterspace=0.0;letterspace=0;extend=1.0;mapping=tex-text;!
Missing character: There is no ๆ in font Times New Roman/OT:script=latn;languag
e=dflt;letterspace=0.0;letterspace=0;extend=1.0;mapping=tex-text;!
Missing character: There is no เ in font Times New Roman/OT:script=latn;languag
e=dflt;letterspace=0.0;letterspace=0;extend=1.0;mapping=tex-text;!
Missing character: There is no ล in font Times New Roman/OT:script=latn;languag
e=dflt;letterspace=0.0;letterspace=0;extend=1.0;mapping=tex-text;!
Missing character: There is no ย in font Times New Roman/OT:script=latn;languag
e=dflt;letterspace=0.0;letterspace=0;extend=1.0;mapping=tex-text;!
Missing character: There is no ก in font Times New Roman/OT:script=latn;languag
e=dflt;letterspace=0.0;letterspace=0;extend=1.0;mapping=tex-text;!
Missing character: There is no ็ in font Times New Roman/OT:script=latn;languag
e=dflt;letterspace=0.0;letterspace=0;extend=1.0;mapping=tex-text;!
Missing character: There is no จ in font Times New Roman/OT:script=latn;languag
e=dflt;letterspace=0.0;letterspace=0;extend=1.0;mapping=tex-text;!
Missing character: There is no ะ in font Times New Roman/OT:script=latn;languag
e=dflt;letterspace=0.0;letterspace=0;extend=1.0;mapping=tex-text;!
Missing character: There is no เ in font Times New Roman/OT:script=latn;languag
e=dflt;letterspace=0.0;letterspace=0;extend=1.0;mapping=tex-text;!
Missing character: There is no ป in font Times New Roman/OT:script=latn;languag
e=dflt;letterspace=0.0;letterspace=0;extend=1.0;mapping=tex-text;!
Missing character: There is no ็ in font Times New Roman/OT:script=latn;languag
e=dflt;letterspace=0.0;letterspace=0;extend=1.0;mapping=tex-text;!
Missing character: There is no น in font Times New Roman/OT:script=latn;languag
e=dflt;letterspace=0.0;letterspace=0;extend=1.0;mapping=tex-text;!
Missing character: There is no เ in font Times New Roman/OT:script=latn;languag
e=dflt;letterspace=0.0;letterspace=0;extend=1.0;mapping=tex-text;!
Missing character: There is no ว in font Times New Roman/OT:script=latn;languag
e=dflt;letterspace=0.0;letterspace=0;extend=1.0;mapping=tex-text;!
Missing character: There is no ็ in font Times New Roman/OT:script=latn;languag
e=dflt;letterspace=0.0;letterspace=0;extend=1.0;mapping=tex-text;!
Missing character: There is no บ in font Times New Roman/OT:script=latn;languag
e=dflt;letterspace=0.0;letterspace=0;extend=1.0;mapping=tex-text;!
Missing character: There is no ไ in font Times New Roman/OT:script=latn;languag
e=dflt;letterspace=0.0;letterspace=0;extend=1.0;mapping=tex-text;!
Missing character: There is no ซ in font Times New Roman/OT:script=latn;languag
e=dflt;letterspace=0.0;letterspace=0;extend=1.0;mapping=tex-text;!
Missing character: There is no ต in font Times New Roman/OT:script=latn;languag
e=dflt;letterspace=0.0;letterspace=0;extend=1.0;mapping=tex-text;!
Missing character: There is no ์ in font Times New Roman/OT:script=latn;languag
e=dflt;letterspace=0.0;letterspace=0;extend=1.0;mapping=tex-text;!
Missing character: There is no ท in font Times New Roman/OT:script=latn;languag
e=dflt;letterspace=0.0;letterspace=0;extend=1.0;mapping=tex-text;!
Missing character: There is no ี in font Times New Roman/OT:script=latn;languag
e=dflt;letterspace=0.0;letterspace=0;extend=1.0;mapping=tex-text;!
Missing character: There is no ่ in font Times New Roman/OT:script=latn;languag
e=dflt;letterspace=0.0;letterspace=0;extend=1.0;mapping=tex-text;!
Missing character: There is no เ in font Times New Roman/OT:script=latn;languag
e=dflt;letterspace=0.0;letterspace=0;extend=1.0;mapping=tex-text;!
Missing character: There is no ป in font Times New Roman/OT:script=latn;languag
e=dflt;letterspace=0.0;letterspace=0;extend=1.0;mapping=tex-text;!
Missing character: There is no ิ in font Times New Roman/OT:script=latn;languag
e=dflt;letterspace=0.0;letterspace=0;extend=1.0;mapping=tex-text;!
Missing character: There is no ด in font Times New Roman/OT:script=latn;languag
e=dflt;letterspace=0.0;letterspace=0;extend=1.0;mapping=tex-text;!
Missing character: There is no บ in font Times New Roman/OT:script=latn;languag
e=dflt;letterspace=0.0;letterspace=0;extend=1.0;mapping=tex-text;!
Missing character: There is no ร in font Times New Roman/OT:script=latn;languag
e=dflt;letterspace=0.0;letterspace=0;extend=1.0;mapping=tex-text;!
Missing character: There is no ิ in font Times New Roman/OT:script=latn;languag
e=dflt;letterspace=0.0;letterspace=0;extend=1.0;mapping=tex-text;!
Missing character: There is no ก in font Times New Roman/OT:script=latn;languag
e=dflt;letterspace=0.0;letterspace=0;extend=1.0;mapping=tex-text;!
Missing character: There is no า in font Times New Roman/OT:script=latn;languag
e=dflt;letterspace=0.0;letterspace=0;extend=1.0;mapping=tex-text;!
Missing character: There is no ร in font Times New Roman/OT:script=latn;languag
e=dflt;letterspace=0.0;letterspace=0;extend=1.0;mapping=tex-text;!
Missing character: There is no ใ in font Times New Roman/OT:script=latn;languag
e=dflt;letterspace=0.0;letterspace=0;extend=1.0;mapping=tex-text;!
Missing character: There is no ห in font Times New Roman/OT:script=latn;languag
e=dflt;letterspace=0.0;letterspace=0;extend=1.0;mapping=tex-text;!
Missing character: There is no ้ in font Times New Roman/OT:script=latn;languag
e=dflt;letterspace=0.0;letterspace=0;extend=1.0;mapping=tex-text;!
Missing character: There is no ข in font Times New Roman/OT:script=latn;languag
e=dflt;letterspace=0.0;letterspace=0;extend=1.0;mapping=tex-text;!
Missing character: There is no า in font Times New Roman/OT:script=latn;languag
e=dflt;letterspace=0.0;letterspace=0;extend=1.0;mapping=tex-text;!
Missing character: There is no ย in font Times New Roman/OT:script=latn;languag
e=dflt;letterspace=0.0;letterspace=0;extend=1.0;mapping=tex-text;!
Missing character: There is no ข in font Times New Roman/OT:script=latn;languag
e=dflt;letterspace=0.0;letterspace=0;extend=1.0;mapping=tex-text;!
Missing character: There is no อ in font Times New Roman/OT:script=latn;languag
e=dflt;letterspace=0.0;letterspace=0;extend=1.0;mapping=tex-text;!
Missing character: There is no ง in font Times New Roman/OT:script=latn;languag
e=dflt;letterspace=0.0;letterspace=0;extend=1.0;mapping=tex-text;!
Missing character: There is no อ in font Times New Roman/OT:script=latn;languag
e=dflt;letterspace=0.0;letterspace=0;extend=1.0;mapping=tex-text;!
Missing character: There is no อ in font Times New Roman/OT:script=latn;languag
e=dflt;letterspace=0.0;letterspace=0;extend=1.0;mapping=tex-text;!
Missing character: There is no น in font Times New Roman/OT:script=latn;languag
e=dflt;letterspace=0.0;letterspace=0;extend=1.0;mapping=tex-text;!
Missing character: There is no ไ in font Times New Roman/OT:script=latn;languag
e=dflt;letterspace=0.0;letterspace=0;extend=1.0;mapping=tex-text;!
Missing character: There is no ล in font Times New Roman/OT:script=latn;languag
e=dflt;letterspace=0.0;letterspace=0;extend=1.0;mapping=tex-text;!
Missing character: There is no น in font Times New Roman/OT:script=latn;languag
e=dflt;letterspace=0.0;letterspace=0;extend=1.0;mapping=tex-text;!
Missing character: There is no ์ in font Times New Roman/OT:script=latn;languag
e=dflt;letterspace=0.0;letterspace=0;extend=1.0;mapping=tex-text;!
Missing character: There is no ซ in font Times New Roman/OT:script=latn;languag
e=dflt;letterspace=0.0;letterspace=0;extend=1.0;mapping=tex-text;!
Missing character: There is no ึ in font Times New Roman/OT:script=latn;languag
e=dflt;letterspace=0.0;letterspace=0;extend=1.0;mapping=tex-text;!
Missing character: There is no ่ in font Times New Roman/OT:script=latn;languag
e=dflt;letterspace=0.0;letterspace=0;extend=1.0;mapping=tex-text;!
Missing character: There is no ง in font Times New Roman/OT:script=latn;languag
e=dflt;letterspace=0.0;letterspace=0;extend=1.0;mapping=tex-text;!
Missing character: There is no ใ in font Times New Roman/OT:script=latn;languag
e=dflt;letterspace=0.0;letterspace=0;extend=1.0;mapping=tex-text;!
Missing character: There is no น in font Times New Roman/OT:script=latn;languag
e=dflt;letterspace=0.0;letterspace=0;extend=1.0;mapping=tex-text;!
Missing character: There is no เ in font Times New Roman/OT:script=latn;languag
e=dflt;letterspace=0.0;letterspace=0;extend=1.0;mapping=tex-text;!
Missing character: There is no ว in font Times New Roman/OT:script=latn;languag
e=dflt;letterspace=0.0;letterspace=0;extend=1.0;mapping=tex-text;!
Missing character: There is no ็ in font Times New Roman/OT:script=latn;languag
e=dflt;letterspace=0.0;letterspace=0;extend=1.0;mapping=tex-text;!
Missing character: There is no บ in font Times New Roman/OT:script=latn;languag
e=dflt;letterspace=0.0;letterspace=0;extend=1.0;mapping=tex-text;!
Missing character: There is no ไ in font Times New Roman/OT:script=latn;languag
e=dflt;letterspace=0.0;letterspace=0;extend=1.0;mapping=tex-text;!
Missing character: There is no ซ in font Times New Roman/OT:script=latn;languag
e=dflt;letterspace=0.0;letterspace=0;extend=1.0;mapping=tex-text;!
Missing character: There is no ต in font Times New Roman/OT:script=latn;languag
e=dflt;letterspace=0.0;letterspace=0;extend=1.0;mapping=tex-text;!
Missing character: There is no ์ in font Times New Roman/OT:script=latn;languag
e=dflt;letterspace=0.0;letterspace=0;extend=1.0;mapping=tex-text;!
Missing character: There is no น in font Times New Roman/OT:script=latn;languag
e=dflt;letterspace=0.0;letterspace=0;extend=1.0;mapping=tex-text;!
Missing character: There is no ั in font Times New Roman/OT:script=latn;languag
e=dflt;letterspace=0.0;letterspace=0;extend=1.0;mapping=tex-text;!
Missing character: There is no ้ in font Times New Roman/OT:script=latn;languag
e=dflt;letterspace=0.0;letterspace=0;extend=1.0;mapping=tex-text;!
Missing character: There is no น in font Times New Roman/OT:script=latn;languag
e=dflt;letterspace=0.0;letterspace=0;extend=1.0;mapping=tex-text;!
Missing character: There is no ก in font Times New Roman/OT:script=latn;languag
e=dflt;letterspace=0.0;letterspace=0;extend=1.0;mapping=tex-text;!
Missing character: There is no ็ in font Times New Roman/OT:script=latn;languag
e=dflt;letterspace=0.0;letterspace=0;extend=1.0;mapping=tex-text;!
Missing character: There is no จ in font Times New Roman/OT:script=latn;languag
e=dflt;letterspace=0.0;letterspace=0;extend=1.0;mapping=tex-text;!
Missing character: There is no ะ in font Times New Roman/OT:script=latn;languag
e=dflt;letterspace=0.0;letterspace=0;extend=1.0;mapping=tex-text;!
Missing character: There is no ม in font Times New Roman/OT:script=latn;languag
e=dflt;letterspace=0.0;letterspace=0;extend=1.0;mapping=tex-text;!
Missing character: There is no ี in font Times New Roman/OT:script=latn;languag
e=dflt;letterspace=0.0;letterspace=0;extend=1.0;mapping=tex-text;!
Missing character: There is no ข in font Times New Roman/OT:script=latn;languag
e=dflt;letterspace=0.0;letterspace=0;extend=1.0;mapping=tex-text;!
Missing character: There is no ้ in font Times New Roman/OT:script=latn;languag
e=dflt;letterspace=0.0;letterspace=0;extend=1.0;mapping=tex-text;!
Missing character: There is no อ in font Times New Roman/OT:script=latn;languag
e=dflt;letterspace=0.0;letterspace=0;extend=1.0;mapping=tex-text;!
Missing character: There is no ม in font Times New Roman/OT:script=latn;languag
e=dflt;letterspace=0.0;letterspace=0;extend=1.0;mapping=tex-text;!
Missing character: There is no ู in font Times New Roman/OT:script=latn;languag
e=dflt;letterspace=0.0;letterspace=0;extend=1.0;mapping=tex-text;!
Missing character: There is no ล in font Times New Roman/OT:script=latn;languag
e=dflt;letterspace=0.0;letterspace=0;extend=1.0;mapping=tex-text;!
Missing character: There is no ส in font Times New Roman/OT:script=latn;languag
e=dflt;letterspace=0.0;letterspace=0;extend=1.0;mapping=tex-text;!
Missing character: There is no ิ in font Times New Roman/OT:script=latn;languag
e=dflt;letterspace=0.0;letterspace=0;extend=1.0;mapping=tex-text;!
Missing character: There is no น in font Times New Roman/OT:script=latn;languag
e=dflt;letterspace=0.0;letterspace=0;extend=1.0;mapping=tex-text;!
Missing character: There is no ค in font Times New Roman/OT:script=latn;languag
e=dflt;letterspace=0.0;letterspace=0;extend=1.0;mapping=tex-text;!
Missing character: There is no ้ in font Times New Roman/OT:script=latn;languag
e=dflt;letterspace=0.0;letterspace=0;extend=1.0;mapping=tex-text;!
Missing character: There is no า in font Times New Roman/OT:script=latn;languag
e=dflt;letterspace=0.0;letterspace=0;extend=1.0;mapping=tex-text;!
Missing character: There is no ม in font Times New Roman/OT:script=latn;languag
e=dflt;letterspace=0.0;letterspace=0;extend=1.0;mapping=tex-text;!
Missing character: There is no า in font Times New Roman/OT:script=latn;languag
e=dflt;letterspace=0.0;letterspace=0;extend=1.0;mapping=tex-text;!
Missing character: There is no ก in font Times New Roman/OT:script=latn;languag
e=dflt;letterspace=0.0;letterspace=0;extend=1.0;mapping=tex-text;!
Missing character: There is no ม in font Times New Roman/OT:script=latn;languag
e=dflt;letterspace=0.0;letterspace=0;extend=1.0;mapping=tex-text;!
Missing character: There is no า in font Times New Roman/OT:script=latn;languag
e=dflt;letterspace=0.0;letterspace=0;extend=1.0;mapping=tex-text;!
Missing character: There is no ย in font Times New Roman/OT:script=latn;languag
e=dflt;letterspace=0.0;letterspace=0;extend=1.0;mapping=tex-text;!
Missing character: There is no แ in font Times New Roman/OT:script=latn;languag
e=dflt;letterspace=0.0;letterspace=0;extend=1.0;mapping=tex-text;!
Missing character: There is no ล in font Times New Roman/OT:script=latn;languag
e=dflt;letterspace=0.0;letterspace=0;extend=1.0;mapping=tex-text;!
Missing character: There is no ะ in font Times New Roman/OT:script=latn;languag
e=dflt;letterspace=0.0;letterspace=0;extend=1.0;mapping=tex-text;!
Missing character: There is no ส in font Times New Roman/OT:script=latn;languag
e=dflt;letterspace=0.0;letterspace=0;extend=1.0;mapping=tex-text;!
Missing character: There is no ิ in font Times New Roman/OT:script=latn;languag
e=dflt;letterspace=0.0;letterspace=0;extend=1.0;mapping=tex-text;!
Missing character: There is no ่ in font Times New Roman/OT:script=latn;languag
e=dflt;letterspace=0.0;letterspace=0;extend=1.0;mapping=tex-text;!
Missing character: There is no ง in font Times New Roman/OT:script=latn;languag
e=dflt;letterspace=0.0;letterspace=0;extend=1.0;mapping=tex-text;!
Missing character: There is no ท in font Times New Roman/OT:script=latn;languag
e=dflt;letterspace=0.0;letterspace=0;extend=1.0;mapping=tex-text;!
Missing character: There is no ี in font Times New Roman/OT:script=latn;languag
e=dflt;letterspace=0.0;letterspace=0;extend=1.0;mapping=tex-text;!
Missing character: There is no ่ in font Times New Roman/OT:script=latn;languag
e=dflt;letterspace=0.0;letterspace=0;extend=1.0;mapping=tex-text;!
Missing character: There is no เ in font Times New Roman/OT:script=latn;languag
e=dflt;letterspace=0.0;letterspace=0;extend=1.0;mapping=tex-text;!
Missing character: There is no ร in font Times New Roman/OT:script=latn;languag
e=dflt;letterspace=0.0;letterspace=0;extend=1.0;mapping=tex-text;!
Missing character: There is no า in font Times New Roman/OT:script=latn;languag
e=dflt;letterspace=0.0;letterspace=0;extend=1.0;mapping=tex-text;!
Missing character: There is no ไ in font Times New Roman/OT:script=latn;languag
e=dflt;letterspace=0.0;letterspace=0;extend=1.0;mapping=tex-text;!
Missing character: There is no ด in font Times New Roman/OT:script=latn;languag
e=dflt;letterspace=0.0;letterspace=0;extend=1.0;mapping=tex-text;!
Missing character: There is no ้ in font Times New Roman/OT:script=latn;languag
e=dflt;letterspace=0.0;letterspace=0;extend=1.0;mapping=tex-text;!
Missing character: There is no พ in font Times New Roman/OT:script=latn;languag
e=dflt;letterspace=0.0;letterspace=0;extend=1.0;mapping=tex-text;!
Missing character: There is no บ in font Times New Roman/OT:script=latn;languag
e=dflt;letterspace=0.0;letterspace=0;extend=1.0;mapping=tex-text;!
Missing character: There is no ค in font Times New Roman/OT:script=latn;languag
e=dflt;letterspace=0.0;letterspace=0;extend=1.0;mapping=tex-text;!
Missing character: There is no ื in font Times New Roman/OT:script=latn;languag
e=dflt;letterspace=0.0;letterspace=0;extend=1.0;mapping=tex-text;!
Missing character: There is no อ in font Times New Roman/OT:script=latn;languag
e=dflt;letterspace=0.0;letterspace=0;extend=1.0;mapping=tex-text;!
Missing character: There is no ร in font Times New Roman/OT:script=latn;languag
e=dflt;letterspace=0.0;letterspace=0;extend=1.0;mapping=tex-text;!
Missing character: There is no า in font Times New Roman/OT:script=latn;languag
e=dflt;letterspace=0.0;letterspace=0;extend=1.0;mapping=tex-text;!
Missing character: There is no ย in font Times New Roman/OT:script=latn;languag
e=dflt;letterspace=0.0;letterspace=0;extend=1.0;mapping=tex-text;!
Missing character: There is no ล in font Times New Roman/OT:script=latn;languag
e=dflt;letterspace=0.0;letterspace=0;extend=1.0;mapping=tex-text;!
Missing character: There is no ะ in font Times New Roman/OT:script=latn;languag
e=dflt;letterspace=0.0;letterspace=0;extend=1.0;mapping=tex-text;!
Missing character: There is no เ in font Times New Roman/OT:script=latn;languag
e=dflt;letterspace=0.0;letterspace=0;extend=1.0;mapping=tex-text;!
Missing character: There is no อ in font Times New Roman/OT:script=latn;languag
e=dflt;letterspace=0.0;letterspace=0;extend=1.0;mapping=tex-text;!
Missing character: There is no ี in font Times New Roman/OT:script=latn;languag
e=dflt;letterspace=0.0;letterspace=0;extend=1.0;mapping=tex-text;!
Missing character: There is no ย in font Times New Roman/OT:script=latn;languag
e=dflt;letterspace=0.0;letterspace=0;extend=1.0;mapping=tex-text;!
Missing character: There is no ด in font Times New Roman/OT:script=latn;languag
e=dflt;letterspace=0.0;letterspace=0;extend=1.0;mapping=tex-text;!
Missing character: There is no ส in font Times New Roman/OT:script=latn;languag
e=dflt;letterspace=0.0;letterspace=0;extend=1.0;mapping=tex-text;!
Missing character: There is no ิ in font Times New Roman/OT:script=latn;languag
e=dflt;letterspace=0.0;letterspace=0;extend=1.0;mapping=tex-text;!
Missing character: There is no น in font Times New Roman/OT:script=latn;languag
e=dflt;letterspace=0.0;letterspace=0;extend=1.0;mapping=tex-text;!
Missing character: There is no ค in font Times New Roman/OT:script=latn;languag
e=dflt;letterspace=0.0;letterspace=0;extend=1.0;mapping=tex-text;!
Missing character: There is no ้ in font Times New Roman/OT:script=latn;languag
e=dflt;letterspace=0.0;letterspace=0;extend=1.0;mapping=tex-text;!
Missing character: There is no า in font Times New Roman/OT:script=latn;languag
e=dflt;letterspace=0.0;letterspace=0;extend=1.0;mapping=tex-text;!
Missing character: There is no ห in font Times New Roman/OT:script=latn;languag
e=dflt;letterspace=0.0;letterspace=0;extend=1.0;mapping=tex-text;!
Missing character: There is no ล in font Times New Roman/OT:script=latn;languag
e=dflt;letterspace=0.0;letterspace=0;extend=1.0;mapping=tex-text;!
Missing character: There is no า in font Times New Roman/OT:script=latn;languag
e=dflt;letterspace=0.0;letterspace=0;extend=1.0;mapping=tex-text;!
Missing character: There is no ย in font Times New Roman/OT:script=latn;languag
e=dflt;letterspace=0.0;letterspace=0;extend=1.0;mapping=tex-text;!
Missing character: There is no ๆ in font Times New Roman/OT:script=latn;languag
e=dflt;letterspace=0.0;letterspace=0;extend=1.0;mapping=tex-text;!
Missing character: There is no อ in font Times New Roman/OT:script=latn;languag
e=dflt;letterspace=0.0;letterspace=0;extend=1.0;mapping=tex-text;!
Missing character: There is no ย in font Times New Roman/OT:script=latn;languag
e=dflt;letterspace=0.0;letterspace=0;extend=1.0;mapping=tex-text;!
Missing character: There is no ่ in font Times New Roman/OT:script=latn;languag
e=dflt;letterspace=0.0;letterspace=0;extend=1.0;mapping=tex-text;!
Missing character: There is no า in font Times New Roman/OT:script=latn;languag
e=dflt;letterspace=0.0;letterspace=0;extend=1.0;mapping=tex-text;!
Missing character: There is no ง in font Times New Roman/OT:script=latn;languag
e=dflt;letterspace=0.0;letterspace=0;extend=1.0;mapping=tex-text;!
Missing character: There is no ไ in font Times New Roman/OT:script=latn;languag
e=dflt;letterspace=0.0;letterspace=0;extend=1.0;mapping=tex-text;!
Missing character: There is no ม in font Times New Roman/OT:script=latn;languag
e=dflt;letterspace=0.0;letterspace=0;extend=1.0;mapping=tex-text;!
Missing character: There is no ่ in font Times New Roman/OT:script=latn;languag
e=dflt;letterspace=0.0;letterspace=0;extend=1.0;mapping=tex-text;!
Missing character: There is no ม in font Times New Roman/OT:script=latn;languag
e=dflt;letterspace=0.0;letterspace=0;extend=1.0;mapping=tex-text;!
Missing character: There is no ี in font Times New Roman/OT:script=latn;languag
e=dflt;letterspace=0.0;letterspace=0;extend=1.0;mapping=tex-text;!
Missing character: There is no ค in font Times New Roman/OT:script=latn;languag
e=dflt;letterspace=0.0;letterspace=0;extend=1.0;mapping=tex-text;!
Missing character: There is no ว in font Times New Roman/OT:script=latn;languag
e=dflt;letterspace=0.0;letterspace=0;extend=1.0;mapping=tex-text;!
Missing character: There is no า in font Times New Roman/OT:script=latn;languag
e=dflt;letterspace=0.0;letterspace=0;extend=1.0;mapping=tex-text;!
Missing character: There is no ม in font Times New Roman/OT:script=latn;languag
e=dflt;letterspace=0.0;letterspace=0;extend=1.0;mapping=tex-text;!
Missing character: There is no ส in font Times New Roman/OT:script=latn;languag
e=dflt;letterspace=0.0;letterspace=0;extend=1.0;mapping=tex-text;!
Missing character: There is no อ in font Times New Roman/OT:script=latn;languag
e=dflt;letterspace=0.0;letterspace=0;extend=1.0;mapping=tex-text;!
Missing character: There is no ด in font Times New Roman/OT:script=latn;languag
e=dflt;letterspace=0.0;letterspace=0;extend=1.0;mapping=tex-text;!
Missing character: There is no ค in font Times New Roman/OT:script=latn;languag
e=dflt;letterspace=0.0;letterspace=0;extend=1.0;mapping=tex-text;!
Missing character: There is no ล in font Times New Roman/OT:script=latn;languag
e=dflt;letterspace=0.0;letterspace=0;extend=1.0;mapping=tex-text;!
Missing character: There is no ้ in font Times New Roman/OT:script=latn;languag
e=dflt;letterspace=0.0;letterspace=0;extend=1.0;mapping=tex-text;!
Missing character: There is no อ in font Times New Roman/OT:script=latn;languag
e=dflt;letterspace=0.0;letterspace=0;extend=1.0;mapping=tex-text;!
Missing character: There is no ง in font Times New Roman/OT:script=latn;languag
e=dflt;letterspace=0.0;letterspace=0;extend=1.0;mapping=tex-text;!
Missing character: There is no ก in font Times New Roman/OT:script=latn;languag
e=dflt;letterspace=0.0;letterspace=0;extend=1.0;mapping=tex-text;!
Missing character: There is no ั in font Times New Roman/OT:script=latn;languag
e=dflt;letterspace=0.0;letterspace=0;extend=1.0;mapping=tex-text;!
Missing character: There is no บ in font Times New Roman/OT:script=latn;languag
e=dflt;letterspace=0.0;letterspace=0;extend=1.0;mapping=tex-text;!
Missing character: There is no ร in font Times New Roman/OT:script=latn;languag
e=dflt;letterspace=0.0;letterspace=0;extend=1.0;mapping=tex-text;!
Missing character: There is no ู in font Times New Roman/OT:script=latn;languag
e=dflt;letterspace=0.0;letterspace=0;extend=1.0;mapping=tex-text;!
Missing character: There is no ป in font Times New Roman/OT:script=latn;languag
e=dflt;letterspace=0.0;letterspace=0;extend=1.0;mapping=tex-text;!
Missing character: There is no ภ in font Times New Roman/OT:script=latn;languag
e=dflt;letterspace=0.0;letterspace=0;extend=1.0;mapping=tex-text;!
Missing character: There is no า in font Times New Roman/OT:script=latn;languag
e=dflt;letterspace=0.0;letterspace=0;extend=1.0;mapping=tex-text;!
Missing character: There is no พ in font Times New Roman/OT:script=latn;languag
e=dflt;letterspace=0.0;letterspace=0;extend=1.0;mapping=tex-text;!
Missing character: There is no ส in font Times New Roman/OT:script=latn;languag
e=dflt;letterspace=0.0;letterspace=0;extend=1.0;mapping=tex-text;!
Missing character: There is no ิ in font Times New Roman/OT:script=latn;languag
e=dflt;letterspace=0.0;letterspace=0;extend=1.0;mapping=tex-text;!
Missing character: There is no น in font Times New Roman/OT:script=latn;languag
e=dflt;letterspace=0.0;letterspace=0;extend=1.0;mapping=tex-text;!
Missing character: There is no ค in font Times New Roman/OT:script=latn;languag
e=dflt;letterspace=0.0;letterspace=0;extend=1.0;mapping=tex-text;!
Missing character: There is no ้ in font Times New Roman/OT:script=latn;languag
e=dflt;letterspace=0.0;letterspace=0;extend=1.0;mapping=tex-text;!
Missing character: There is no า in font Times New Roman/OT:script=latn;languag
e=dflt;letterspace=0.0;letterspace=0;extend=1.0;mapping=tex-text;!
Missing character: There is no ห in font Times New Roman/OT:script=latn;languag
e=dflt;letterspace=0.0;letterspace=0;extend=1.0;mapping=tex-text;!
Missing character: There is no ร in font Times New Roman/OT:script=latn;languag
e=dflt;letterspace=0.0;letterspace=0;extend=1.0;mapping=tex-text;!
Missing character: There is no ื in font Times New Roman/OT:script=latn;languag
e=dflt;letterspace=0.0;letterspace=0;extend=1.0;mapping=tex-text;!
Missing character: There is no อ in font Times New Roman/OT:script=latn;languag
e=dflt;letterspace=0.0;letterspace=0;extend=1.0;mapping=tex-text;!
Missing character: There is no ไ in font Times New Roman/OT:script=latn;languag
e=dflt;letterspace=0.0;letterspace=0;extend=1.0;mapping=tex-text;!
Missing character: There is no ม in font Times New Roman/OT:script=latn;languag
e=dflt;letterspace=0.0;letterspace=0;extend=1.0;mapping=tex-text;!
Missing character: There is no ่ in font Times New Roman/OT:script=latn;languag
e=dflt;letterspace=0.0;letterspace=0;extend=1.0;mapping=tex-text;!
Missing character: There is no ช in font Times New Roman/OT:script=latn;languag
e=dflt;letterspace=0.0;letterspace=0;extend=1.0;mapping=tex-text;!
Missing character: There is no ั in font Times New Roman/OT:script=latn;languag
e=dflt;letterspace=0.0;letterspace=0;extend=1.0;mapping=tex-text;!
Missing character: There is no ด in font Times New Roman/OT:script=latn;languag
e=dflt;letterspace=0.0;letterspace=0;extend=1.0;mapping=tex-text;!
Missing character: There is no เ in font Times New Roman/OT:script=latn;languag
e=dflt;letterspace=0.0;letterspace=0;extend=1.0;mapping=tex-text;!
Missing character: There is no จ in font Times New Roman/OT:script=latn;languag
e=dflt;letterspace=0.0;letterspace=0;extend=1.0;mapping=tex-text;!
Missing character: There is no น in font Times New Roman/OT:script=latn;languag
e=dflt;letterspace=0.0;letterspace=0;extend=1.0;mapping=tex-text;!
Missing character: There is no พ in font Times New Roman/OT:script=latn;languag
e=dflt;letterspace=0.0;letterspace=0;extend=1.0;mapping=tex-text;!
Missing character: There is no อ in font Times New Roman/OT:script=latn;languag
e=dflt;letterspace=0.0;letterspace=0;extend=1.0;mapping=tex-text;!
Missing character: There is no แ in font Times New Roman/OT:script=latn;languag
e=dflt;letterspace=0.0;letterspace=0;extend=1.0;mapping=tex-text;!
Missing character: There is no ล in font Times New Roman/OT:script=latn;languag
e=dflt;letterspace=0.0;letterspace=0;extend=1.0;mapping=tex-text;!
Missing character: There is no ะ in font Times New Roman/OT:script=latn;languag
e=dflt;letterspace=0.0;letterspace=0;extend=1.0;mapping=tex-text;!
Missing character: There is no เ in font Times New Roman/OT:script=latn;languag
e=dflt;letterspace=0.0;letterspace=0;extend=1.0;mapping=tex-text;!
Missing character: There is no น in font Times New Roman/OT:script=latn;languag
e=dflt;letterspace=0.0;letterspace=0;extend=1.0;mapping=tex-text;!
Missing character: There is no ื in font Times New Roman/OT:script=latn;languag
e=dflt;letterspace=0.0;letterspace=0;extend=1.0;mapping=tex-text;!
Missing character: There is no ่ in font Times New Roman/OT:script=latn;languag
e=dflt;letterspace=0.0;letterspace=0;extend=1.0;mapping=tex-text;!
Missing character: There is no อ in font Times New Roman/OT:script=latn;languag
e=dflt;letterspace=0.0;letterspace=0;extend=1.0;mapping=tex-text;!
Missing character: There is no ง in font Times New Roman/OT:script=latn;languag
e=dflt;letterspace=0.0;letterspace=0;extend=1.0;mapping=tex-text;!
Missing character: There is no ด in font Times New Roman/OT:script=latn;languag
e=dflt;letterspace=0.0;letterspace=0;extend=1.0;mapping=tex-text;!
Missing character: There is no ้ in font Times New Roman/OT:script=latn;languag
e=dflt;letterspace=0.0;letterspace=0;extend=1.0;mapping=tex-text;!
Missing character: There is no ว in font Times New Roman/OT:script=latn;languag
e=dflt;letterspace=0.0;letterspace=0;extend=1.0;mapping=tex-text;!
Missing character: There is no ย in font Times New Roman/OT:script=latn;languag
e=dflt;letterspace=0.0;letterspace=0;extend=1.0;mapping=tex-text;!
Missing character: There is no ข in font Times New Roman/OT:script=latn;languag
e=dflt;letterspace=0.0;letterspace=0;extend=1.0;mapping=tex-text;!
Missing character: There is no ้ in font Times New Roman/OT:script=latn;languag
e=dflt;letterspace=0.0;letterspace=0;extend=1.0;mapping=tex-text;!
Missing character: There is no อ in font Times New Roman/OT:script=latn;languag
e=dflt;letterspace=0.0;letterspace=0;extend=1.0;mapping=tex-text;!
Missing character: There is no ม in font Times New Roman/OT:script=latn;languag
e=dflt;letterspace=0.0;letterspace=0;extend=1.0;mapping=tex-text;!
Missing character: There is no ู in font Times New Roman/OT:script=latn;languag
e=dflt;letterspace=0.0;letterspace=0;extend=1.0;mapping=tex-text;!
Missing character: There is no ล in font Times New Roman/OT:script=latn;languag
e=dflt;letterspace=0.0;letterspace=0;extend=1.0;mapping=tex-text;!
Missing character: There is no ท in font Times New Roman/OT:script=latn;languag
e=dflt;letterspace=0.0;letterspace=0;extend=1.0;mapping=tex-text;!
Missing character: There is no ี in font Times New Roman/OT:script=latn;languag
e=dflt;letterspace=0.0;letterspace=0;extend=1.0;mapping=tex-text;!
Missing character: There is no ่ in font Times New Roman/OT:script=latn;languag
e=dflt;letterspace=0.0;letterspace=0;extend=1.0;mapping=tex-text;!
Missing character: There is no ม in font Times New Roman/OT:script=latn;languag
e=dflt;letterspace=0.0;letterspace=0;extend=1.0;mapping=tex-text;!
Missing character: There is no ี in font Times New Roman/OT:script=latn;languag
e=dflt;letterspace=0.0;letterspace=0;extend=1.0;mapping=tex-text;!
Missing character: There is no ข in font Times New Roman/OT:script=latn;languag
e=dflt;letterspace=0.0;letterspace=0;extend=1.0;mapping=tex-text;!
Missing character: There is no น in font Times New Roman/OT:script=latn;languag
e=dflt;letterspace=0.0;letterspace=0;extend=1.0;mapping=tex-text;!
Missing character: There is no า in font Times New Roman/OT:script=latn;languag
e=dflt;letterspace=0.0;letterspace=0;extend=1.0;mapping=tex-text;!
Missing character: There is no ด in font Times New Roman/OT:script=latn;languag
e=dflt;letterspace=0.0;letterspace=0;extend=1.0;mapping=tex-text;!
Missing character: There is no ใ in font Times New Roman/OT:script=latn;languag
e=dflt;letterspace=0.0;letterspace=0;extend=1.0;mapping=tex-text;!
Missing character: There is no ห in font Times New Roman/OT:script=latn;languag
e=dflt;letterspace=0.0;letterspace=0;extend=1.0;mapping=tex-text;!
Missing character: There is no ญ in font Times New Roman/OT:script=latn;languag
e=dflt;letterspace=0.0;letterspace=0;extend=1.0;mapping=tex-text;!
Missing character: There is no ่ in font Times New Roman/OT:script=latn;languag
e=dflt;letterspace=0.0;letterspace=0;extend=1.0;mapping=tex-text;!
Missing character: There is no เ in font Times New Roman/OT:script=latn;languag
e=dflt;letterspace=0.0;letterspace=0;extend=1.0;mapping=tex-text;!
Missing character: There is no ก in font Times New Roman/OT:script=latn;languag
e=dflt;letterspace=0.0;letterspace=0;extend=1.0;mapping=tex-text;!
Missing character: There is no ิ in font Times New Roman/OT:script=latn;languag
e=dflt;letterspace=0.0;letterspace=0;extend=1.0;mapping=tex-text;!
Missing character: There is no น in font Times New Roman/OT:script=latn;languag
e=dflt;letterspace=0.0;letterspace=0;extend=1.0;mapping=tex-text;!
Missing character: There is no ก in font Times New Roman/OT:script=latn;languag
e=dflt;letterspace=0.0;letterspace=0;extend=1.0;mapping=tex-text;!
Missing character: There is no ว in font Times New Roman/OT:script=latn;languag
e=dflt;letterspace=0.0;letterspace=0;extend=1.0;mapping=tex-text;!
Missing character: There is no ่ in font Times New Roman/OT:script=latn;languag
e=dflt;letterspace=0.0;letterspace=0;extend=1.0;mapping=tex-text;!
Missing character: There is no า in font Times New Roman/OT:script=latn;languag
e=dflt;letterspace=0.0;letterspace=0;extend=1.0;mapping=tex-text;!
Missing character: There is no ท in font Times New Roman/OT:script=latn;languag
e=dflt;letterspace=0.0;letterspace=0;extend=1.0;mapping=tex-text;!
Missing character: There is no ี in font Times New Roman/OT:script=latn;languag
e=dflt;letterspace=0.0;letterspace=0;extend=1.0;mapping=tex-text;!
Missing character: There is no ่ in font Times New Roman/OT:script=latn;languag
e=dflt;letterspace=0.0;letterspace=0;extend=1.0;mapping=tex-text;!
Missing character: There is no จ in font Times New Roman/OT:script=latn;languag
e=dflt;letterspace=0.0;letterspace=0;extend=1.0;mapping=tex-text;!
Missing character: There is no ะ in font Times New Roman/OT:script=latn;languag
e=dflt;letterspace=0.0;letterspace=0;extend=1.0;mapping=tex-text;!
Missing character: There is no จ in font Times New Roman/OT:script=latn;languag
e=dflt;letterspace=0.0;letterspace=0;extend=1.0;mapping=tex-text;!
Missing character: There is no ั in font Times New Roman/OT:script=latn;languag
e=dflt;letterspace=0.0;letterspace=0;extend=1.0;mapping=tex-text;!
Missing character: There is no ด in font Times New Roman/OT:script=latn;languag
e=dflt;letterspace=0.0;letterspace=0;extend=1.0;mapping=tex-text;!
Missing character: There is no ก in font Times New Roman/OT:script=latn;languag
e=dflt;letterspace=0.0;letterspace=0;extend=1.0;mapping=tex-text;!
Missing character: There is no า in font Times New Roman/OT:script=latn;languag
e=dflt;letterspace=0.0;letterspace=0;extend=1.0;mapping=tex-text;!
Missing character: There is no ร in font Times New Roman/OT:script=latn;languag
e=dflt;letterspace=0.0;letterspace=0;extend=1.0;mapping=tex-text;!
Missing character: There is no ด in font Times New Roman/OT:script=latn;languag
e=dflt;letterspace=0.0;letterspace=0;extend=1.0;mapping=tex-text;!
Missing character: There is no ้ in font Times New Roman/OT:script=latn;languag
e=dflt;letterspace=0.0;letterspace=0;extend=1.0;mapping=tex-text;!
Missing character: There is no ว in font Times New Roman/OT:script=latn;languag
e=dflt;letterspace=0.0;letterspace=0;extend=1.0;mapping=tex-text;!
Missing character: There is no ย in font Times New Roman/OT:script=latn;languag
e=dflt;letterspace=0.0;letterspace=0;extend=1.0;mapping=tex-text;!
Missing character: There is no แ in font Times New Roman/OT:script=latn;languag
e=dflt;letterspace=0.0;letterspace=0;extend=1.0;mapping=tex-text;!
Missing character: There is no ร in font Times New Roman/OT:script=latn;languag
e=dflt;letterspace=0.0;letterspace=0;extend=1.0;mapping=tex-text;!
Missing character: There is no ง in font Times New Roman/OT:script=latn;languag
e=dflt;letterspace=0.0;letterspace=0;extend=1.0;mapping=tex-text;!
Missing character: There is no ง in font Times New Roman/OT:script=latn;languag
e=dflt;letterspace=0.0;letterspace=0;extend=1.0;mapping=tex-text;!
Missing character: There is no า in font Times New Roman/OT:script=latn;languag
e=dflt;letterspace=0.0;letterspace=0;extend=1.0;mapping=tex-text;!
Missing character: There is no น in font Times New Roman/OT:script=latn;languag
e=dflt;letterspace=0.0;letterspace=0;extend=1.0;mapping=tex-text;!
Missing character: There is no ค in font Times New Roman/OT:script=latn;languag
e=dflt;letterspace=0.0;letterspace=0;extend=1.0;mapping=tex-text;!
Missing character: There is no น in font Times New Roman/OT:script=latn;languag
e=dflt;letterspace=0.0;letterspace=0;extend=1.0;mapping=tex-text;!
Missing character: There is no ไ in font Times New Roman/OT:script=latn;languag
e=dflt;letterspace=0.0;letterspace=0;extend=1.0;mapping=tex-text;!
Missing character: There is no ด in font Times New Roman/OT:script=latn;languag
e=dflt;letterspace=0.0;letterspace=0;extend=1.0;mapping=tex-text;!
Missing character: There is no ้ in font Times New Roman/OT:script=latn;languag
e=dflt;letterspace=0.0;letterspace=0;extend=1.0;mapping=tex-text;!
Missing character: There is no แ in font Times New Roman/OT:script=latn;languag
e=dflt;letterspace=0.0;letterspace=0;extend=1.0;mapping=tex-text;!
Missing character: There is no ล in font Times New Roman/OT:script=latn;languag
e=dflt;letterspace=0.0;letterspace=0;extend=1.0;mapping=tex-text;!
Missing character: There is no ะ in font Times New Roman/OT:script=latn;languag
e=dflt;letterspace=0.0;letterspace=0;extend=1.0;mapping=tex-text;!
Missing character: There is no ย in font Times New Roman/OT:script=latn;languag
e=dflt;letterspace=0.0;letterspace=0;extend=1.0;mapping=tex-text;!
Missing character: There is no ั in font Times New Roman/OT:script=latn;languag
e=dflt;letterspace=0.0;letterspace=0;extend=1.0;mapping=tex-text;!
Missing character: There is no ง in font Times New Roman/OT:script=latn;languag
e=dflt;letterspace=0.0;letterspace=0;extend=1.0;mapping=tex-text;!
Missing character: There is no ไ in font Times New Roman/OT:script=latn;languag
e=dflt;letterspace=0.0;letterspace=0;extend=1.0;mapping=tex-text;!
Missing character: There is no ม in font Times New Roman/OT:script=latn;languag
e=dflt;letterspace=0.0;letterspace=0;extend=1.0;mapping=tex-text;!
Missing character: There is no ่ in font Times New Roman/OT:script=latn;languag
e=dflt;letterspace=0.0;letterspace=0;extend=1.0;mapping=tex-text;!
Missing character: There is no ม in font Times New Roman/OT:script=latn;languag
e=dflt;letterspace=0.0;letterspace=0;extend=1.0;mapping=tex-text;!
Missing character: There is no ี in font Times New Roman/OT:script=latn;languag
e=dflt;letterspace=0.0;letterspace=0;extend=1.0;mapping=tex-text;!
Missing character: There is no เ in font Times New Roman/OT:script=latn;languag
e=dflt;letterspace=0.0;letterspace=0;extend=1.0;mapping=tex-text;!
Missing character: There is no ค in font Times New Roman/OT:script=latn;languag
e=dflt;letterspace=0.0;letterspace=0;extend=1.0;mapping=tex-text;!
Missing character: There is no ร in font Times New Roman/OT:script=latn;languag
e=dflt;letterspace=0.0;letterspace=0;extend=1.0;mapping=tex-text;!
Missing character: There is no ื in font Times New Roman/OT:script=latn;languag
e=dflt;letterspace=0.0;letterspace=0;extend=1.0;mapping=tex-text;!
Missing character: There is no ่ in font Times New Roman/OT:script=latn;languag
e=dflt;letterspace=0.0;letterspace=0;extend=1.0;mapping=tex-text;!
Missing character: There is no อ in font Times New Roman/OT:script=latn;languag
e=dflt;letterspace=0.0;letterspace=0;extend=1.0;mapping=tex-text;!
Missing character: There is no ง in font Times New Roman/OT:script=latn;languag
e=dflt;letterspace=0.0;letterspace=0;extend=1.0;mapping=tex-text;!
Missing character: There is no ม in font Times New Roman/OT:script=latn;languag
e=dflt;letterspace=0.0;letterspace=0;extend=1.0;mapping=tex-text;!
Missing character: There is no ื in font Times New Roman/OT:script=latn;languag
e=dflt;letterspace=0.0;letterspace=0;extend=1.0;mapping=tex-text;!
Missing character: There is no อ in font Times New Roman/OT:script=latn;languag
e=dflt;letterspace=0.0;letterspace=0;extend=1.0;mapping=tex-text;!
Missing character: There is no ใ in font Times New Roman/OT:script=latn;languag
e=dflt;letterspace=0.0;letterspace=0;extend=1.0;mapping=tex-text;!
Missing character: There is no ด in font Times New Roman/OT:script=latn;languag
e=dflt;letterspace=0.0;letterspace=0;extend=1.0;mapping=tex-text;!
Missing character: There is no ๆ in font Times New Roman/OT:script=latn;languag
e=dflt;letterspace=0.0;letterspace=0;extend=1.0;mapping=tex-text;!
Missing character: There is no ใ in font Times New Roman/OT:script=latn;languag
e=dflt;letterspace=0.0;letterspace=0;extend=1.0;mapping=tex-text;!
Missing character: There is no น in font Times New Roman/OT:script=latn;languag
e=dflt;letterspace=0.0;letterspace=0;extend=1.0;mapping=tex-text;!
Missing character: There is no ก in font Times New Roman/OT:script=latn;languag
e=dflt;letterspace=0.0;letterspace=0;extend=1.0;mapping=tex-text;!
Missing character: There is no า in font Times New Roman/OT:script=latn;languag
e=dflt;letterspace=0.0;letterspace=0;extend=1.0;mapping=tex-text;!
Missing character: There is no ร in font Times New Roman/OT:script=latn;languag
e=dflt;letterspace=0.0;letterspace=0;extend=1.0;mapping=tex-text;!
Missing character: There is no ต in font Times New Roman/OT:script=latn;languag
e=dflt;letterspace=0.0;letterspace=0;extend=1.0;mapping=tex-text;!
Missing character: There is no ร in font Times New Roman/OT:script=latn;languag
e=dflt;letterspace=0.0;letterspace=0;extend=1.0;mapping=tex-text;!
Missing character: There is no ว in font Times New Roman/OT:script=latn;languag
e=dflt;letterspace=0.0;letterspace=0;extend=1.0;mapping=tex-text;!
Missing character: There is no จ in font Times New Roman/OT:script=latn;languag
e=dflt;letterspace=0.0;letterspace=0;extend=1.0;mapping=tex-text;!
Missing character: There is no จ in font Times New Roman/OT:script=latn;languag
e=dflt;letterspace=0.0;letterspace=0;extend=1.0;mapping=tex-text;!
Missing character: There is no ั in font Times New Roman/OT:script=latn;languag
e=dflt;letterspace=0.0;letterspace=0;extend=1.0;mapping=tex-text;!
Missing character: There is no บ in font Times New Roman/OT:script=latn;languag
e=dflt;letterspace=0.0;letterspace=0;extend=1.0;mapping=tex-text;!
Missing character: There is no ค in font Times New Roman/OT:script=latn;languag
e=dflt;letterspace=0.0;letterspace=0;extend=1.0;mapping=tex-text;!
Missing character: There is no ำ in font Times New Roman/OT:script=latn;languag
e=dflt;letterspace=0.0;letterspace=0;extend=1.0;mapping=tex-text;!
Missing character: There is no ผ in font Times New Roman/OT:script=latn;languag
e=dflt;letterspace=0.0;letterspace=0;extend=1.0;mapping=tex-text;!
Missing character: There is no ิ in font Times New Roman/OT:script=latn;languag
e=dflt;letterspace=0.0;letterspace=0;extend=1.0;mapping=tex-text;!
Missing character: There is no ด in font Times New Roman/OT:script=latn;languag
e=dflt;letterspace=0.0;letterspace=0;extend=1.0;mapping=tex-text;!
Missing character: There is no เ in font Times New Roman/OT:script=latn;languag
e=dflt;letterspace=0.0;letterspace=0;extend=1.0;mapping=tex-text;!
Missing character: There is no ห in font Times New Roman/OT:script=latn;languag
e=dflt;letterspace=0.0;letterspace=0;extend=1.0;mapping=tex-text;!
Missing character: There is no ล in font Times New Roman/OT:script=latn;languag
e=dflt;letterspace=0.0;letterspace=0;extend=1.0;mapping=tex-text;!
Missing character: There is no ่ in font Times New Roman/OT:script=latn;languag
e=dflt;letterspace=0.0;letterspace=0;extend=1.0;mapping=tex-text;!
Missing character: There is no า in font Times New Roman/OT:script=latn;languag
e=dflt;letterspace=0.0;letterspace=0;extend=1.0;mapping=tex-text;!
Missing character: There is no น in font Times New Roman/OT:script=latn;languag
e=dflt;letterspace=0.0;letterspace=0;extend=1.0;mapping=tex-text;!
Missing character: There is no ี in font Times New Roman/OT:script=latn;languag
e=dflt;letterspace=0.0;letterspace=0;extend=1.0;mapping=tex-text;!
Missing character: There is no ้ in font Times New Roman/OT:script=latn;languag
e=dflt;letterspace=0.0;letterspace=0;extend=1.0;mapping=tex-text;!
Missing character: There is no ไ in font Times New Roman/OT:script=latn;languag
e=dflt;letterspace=0.0;letterspace=0;extend=1.0;mapping=tex-text;!
Missing character: There is no ด in font Times New Roman/OT:script=latn;languag
e=dflt;letterspace=0.0;letterspace=0;extend=1.0;mapping=tex-text;!
Missing character: There is no ้ in font Times New Roman/OT:script=latn;languag
e=dflt;letterspace=0.0;letterspace=0;extend=1.0;mapping=tex-text;!
Missing character: There is no เ in font Times New Roman/OT:script=latn;languag
e=dflt;letterspace=0.0;letterspace=0;extend=1.0;mapping=tex-text;!
Missing character: There is no ร in font Times New Roman/OT:script=latn;languag
e=dflt;letterspace=0.0;letterspace=0;extend=1.0;mapping=tex-text;!
Missing character: There is no า in font Times New Roman/OT:script=latn;languag
e=dflt;letterspace=0.0;letterspace=0;extend=1.0;mapping=tex-text;!
Missing character: There is no จ in font Times New Roman/OT:script=latn;languag
e=dflt;letterspace=0.0;letterspace=0;extend=1.0;mapping=tex-text;!
Missing character: There is no ึ in font Times New Roman/OT:script=latn;languag
e=dflt;letterspace=0.0;letterspace=0;extend=1.0;mapping=tex-text;!
Missing character: There is no ง in font Times New Roman/OT:script=latn;languag
e=dflt;letterspace=0.0;letterspace=0;extend=1.0;mapping=tex-text;!
Missing character: There is no ท in font Times New Roman/OT:script=latn;languag
e=dflt;letterspace=0.0;letterspace=0;extend=1.0;mapping=tex-text;!
Missing character: There is no ำ in font Times New Roman/OT:script=latn;languag
e=dflt;letterspace=0.0;letterspace=0;extend=1.0;mapping=tex-text;!
Missing character: There is no โ in font Times New Roman/OT:script=latn;languag
e=dflt;letterspace=0.0;letterspace=0;extend=1.0;mapping=tex-text;!
Missing character: There is no ค in font Times New Roman/OT:script=latn;languag
e=dflt;letterspace=0.0;letterspace=0;extend=1.0;mapping=tex-text;!
Missing character: There is no ร in font Times New Roman/OT:script=latn;languag
e=dflt;letterspace=0.0;letterspace=0;extend=1.0;mapping=tex-text;!
Missing character: There is no ง in font Times New Roman/OT:script=latn;languag
e=dflt;letterspace=0.0;letterspace=0;extend=1.0;mapping=tex-text;!
Missing character: There is no ง in font Times New Roman/OT:script=latn;languag
e=dflt;letterspace=0.0;letterspace=0;extend=1.0;mapping=tex-text;!
Missing character: There is no า in font Times New Roman/OT:script=latn;languag
e=dflt;letterspace=0.0;letterspace=0;extend=1.0;mapping=tex-text;!
Missing character: There is no น in font Times New Roman/OT:script=latn;languag
e=dflt;letterspace=0.0;letterspace=0;extend=1.0;mapping=tex-text;!
Missing character: There is no น in font Times New Roman/OT:script=latn;languag
e=dflt;letterspace=0.0;letterspace=0;extend=1.0;mapping=tex-text;!
Missing character: There is no ี in font Times New Roman/OT:script=latn;languag
e=dflt;letterspace=0.0;letterspace=0;extend=1.0;mapping=tex-text;!
Missing character: There is no ้ in font Times New Roman/OT:script=latn;languag
e=dflt;letterspace=0.0;letterspace=0;extend=1.0;mapping=tex-text;!
Missing character: There is no ข in font Times New Roman/OT:script=latn;languag
e=dflt;letterspace=0.0;letterspace=0;extend=1.0;mapping=tex-text;!
Missing character: There is no ึ in font Times New Roman/OT:script=latn;languag
e=dflt;letterspace=0.0;letterspace=0;extend=1.0;mapping=tex-text;!
Missing character: There is no ้ in font Times New Roman/OT:script=latn;languag
e=dflt;letterspace=0.0;letterspace=0;extend=1.0;mapping=tex-text;!
Missing character: There is no น in font Times New Roman/OT:script=latn;languag
e=dflt;letterspace=0.0;letterspace=0;extend=1.0;mapping=tex-text;!
Missing character: There is no ม in font Times New Roman/OT:script=latn;languag
e=dflt;letterspace=0.0;letterspace=0;extend=1.0;mapping=tex-text;!
Missing character: There is no า in font Times New Roman/OT:script=latn;languag
e=dflt;letterspace=0.0;letterspace=0;extend=1.0;mapping=tex-text;!
Missing character: There is no เ in font Times New Roman/OT:script=latn;languag
e=dflt;letterspace=0.0;letterspace=0;extend=1.0;mapping=tex-text;!
Missing character: There is no พ in font Times New Roman/OT:script=latn;languag
e=dflt;letterspace=0.0;letterspace=0;extend=1.0;mapping=tex-text;!
Missing character: There is no ื in font Times New Roman/OT:script=latn;languag
e=dflt;letterspace=0.0;letterspace=0;extend=1.0;mapping=tex-text;!
Missing character: There is no ่ in font Times New Roman/OT:script=latn;languag
e=dflt;letterspace=0.0;letterspace=0;extend=1.0;mapping=tex-text;!
Missing character: There is no อ in font Times New Roman/OT:script=latn;languag
e=dflt;letterspace=0.0;letterspace=0;extend=1.0;mapping=tex-text;!
Missing character: There is no ท in font Times New Roman/OT:script=latn;languag
e=dflt;letterspace=0.0;letterspace=0;extend=1.0;mapping=tex-text;!
Missing character: There is no ี in font Times New Roman/OT:script=latn;languag
e=dflt;letterspace=0.0;letterspace=0;extend=1.0;mapping=tex-text;!
Missing character: There is no ่ in font Times New Roman/OT:script=latn;languag
e=dflt;letterspace=0.0;letterspace=0;extend=1.0;mapping=tex-text;!
Missing character: There is no จ in font Times New Roman/OT:script=latn;languag
e=dflt;letterspace=0.0;letterspace=0;extend=1.0;mapping=tex-text;!
Missing character: There is no ะ in font Times New Roman/OT:script=latn;languag
e=dflt;letterspace=0.0;letterspace=0;extend=1.0;mapping=tex-text;!
Missing character: There is no แ in font Times New Roman/OT:script=latn;languag
e=dflt;letterspace=0.0;letterspace=0;extend=1.0;mapping=tex-text;!
Missing character: There is no ก in font Times New Roman/OT:script=latn;languag
e=dflt;letterspace=0.0;letterspace=0;extend=1.0;mapping=tex-text;!
Missing character: There is no ้ in font Times New Roman/OT:script=latn;languag
e=dflt;letterspace=0.0;letterspace=0;extend=1.0;mapping=tex-text;!
Missing character: There is no ไ in font Times New Roman/OT:script=latn;languag
e=dflt;letterspace=0.0;letterspace=0;extend=1.0;mapping=tex-text;!
Missing character: There is no ข in font Times New Roman/OT:script=latn;languag
e=dflt;letterspace=0.0;letterspace=0;extend=1.0;mapping=tex-text;!
Missing character: There is no ป in font Times New Roman/OT:script=latn;languag
e=dflt;letterspace=0.0;letterspace=0;extend=1.0;mapping=tex-text;!
Missing character: There is no ั in font Times New Roman/OT:script=latn;languag
e=dflt;letterspace=0.0;letterspace=0;extend=1.0;mapping=tex-text;!
Missing character: There is no ญ in font Times New Roman/OT:script=latn;languag
e=dflt;letterspace=0.0;letterspace=0;extend=1.0;mapping=tex-text;!
Missing character: There is no ห in font Times New Roman/OT:script=latn;languag
e=dflt;letterspace=0.0;letterspace=0;extend=1.0;mapping=tex-text;!
Missing character: There is no า in font Times New Roman/OT:script=latn;languag
e=dflt;letterspace=0.0;letterspace=0;extend=1.0;mapping=tex-text;!
Missing character: There is no เ in font Times New Roman/OT:script=latn;languag
e=dflt;letterspace=0.0;letterspace=0;extend=1.0;mapping=tex-text;!
Missing character: There is no ห in font Times New Roman/OT:script=latn;languag
e=dflt;letterspace=0.0;letterspace=0;extend=1.0;mapping=tex-text;!
Missing character: There is no ล in font Times New Roman/OT:script=latn;languag
e=dflt;letterspace=0.0;letterspace=0;extend=1.0;mapping=tex-text;!
Missing character: There is no ่ in font Times New Roman/OT:script=latn;languag
e=dflt;letterspace=0.0;letterspace=0;extend=1.0;mapping=tex-text;!
Missing character: There is no า in font Times New Roman/OT:script=latn;languag
e=dflt;letterspace=0.0;letterspace=0;extend=1.0;mapping=tex-text;!
Missing character: There is no น in font Times New Roman/OT:script=latn;languag
e=dflt;letterspace=0.0;letterspace=0;extend=1.0;mapping=tex-text;!
Missing character: There is no ี in font Times New Roman/OT:script=latn;languag
e=dflt;letterspace=0.0;letterspace=0;extend=1.0;mapping=tex-text;!
Missing character: There is no ้ in font Times New Roman/OT:script=latn;languag
e=dflt;letterspace=0.0;letterspace=0;extend=1.0;mapping=tex-text;!

Underfull \hbox (badness 1424) in paragraph at lines 182--183
\TU/TimesNewRoman(0)/m/n/10 วิชา พื้น ฐาน และ ภาษา สถาบัน เทคโนโลยี ไทย-ญี่ปุ่น
 จา แนก ตาม
 []


Underfull \hbox (badness 1028) in paragraph at lines 182--183
\TU/TimesNewRoman(0)/m/n/10 ให้ ขาย ของ ออนไลน์ ซึ่ง ใน เว็บไซต์ นั้น ก็ จะ มี 
ข้อมูล สินค้า
 []


Overfull \hbox (3.63261pt too wide) in paragraph at lines 182--183
\TU/TimesNewRoman(0)/m/n/10 ไม่มี ความ สอดคล้อง กับ รูปภาพ สินค้า หรือ ไม่ ชัดเ
จน พอ และ เนื่อง
 []

Missing character: There is no ท in font Times New Roman/OT:script=latn;languag
e=dflt;letterspace=0.0;letterspace=0;extend=1.0;mapping=tex-text;!
Missing character: There is no า in font Times New Roman/OT:script=latn;languag
e=dflt;letterspace=0.0;letterspace=0;extend=1.0;mapping=tex-text;!
Missing character: There is no ง in font Times New Roman/OT:script=latn;languag
e=dflt;letterspace=0.0;letterspace=0;extend=1.0;mapping=tex-text;!
Missing character: There is no เ in font Times New Roman/OT:script=latn;languag
e=dflt;letterspace=0.0;letterspace=0;extend=1.0;mapping=tex-text;!
Missing character: There is no ร in font Times New Roman/OT:script=latn;languag
e=dflt;letterspace=0.0;letterspace=0;extend=1.0;mapping=tex-text;!
Missing character: There is no า in font Times New Roman/OT:script=latn;languag
e=dflt;letterspace=0.0;letterspace=0;extend=1.0;mapping=tex-text;!
Missing character: There is no จ in font Times New Roman/OT:script=latn;languag
e=dflt;letterspace=0.0;letterspace=0;extend=1.0;mapping=tex-text;!
Missing character: There is no ึ in font Times New Roman/OT:script=latn;languag
e=dflt;letterspace=0.0;letterspace=0;extend=1.0;mapping=tex-text;!
Missing character: There is no ง in font Times New Roman/OT:script=latn;languag
e=dflt;letterspace=0.0;letterspace=0;extend=1.0;mapping=tex-text;!
Missing character: There is no ค in font Times New Roman/OT:script=latn;languag
e=dflt;letterspace=0.0;letterspace=0;extend=1.0;mapping=tex-text;!
Missing character: There is no ิ in font Times New Roman/OT:script=latn;languag
e=dflt;letterspace=0.0;letterspace=0;extend=1.0;mapping=tex-text;!
Missing character: There is no ด in font Times New Roman/OT:script=latn;languag
e=dflt;letterspace=0.0;letterspace=0;extend=1.0;mapping=tex-text;!
Missing character: There is no ท in font Times New Roman/OT:script=latn;languag
e=dflt;letterspace=0.0;letterspace=0;extend=1.0;mapping=tex-text;!
Missing character: There is no ี in font Times New Roman/OT:script=latn;languag
e=dflt;letterspace=0.0;letterspace=0;extend=1.0;mapping=tex-text;!
Missing character: There is no ่ in font Times New Roman/OT:script=latn;languag
e=dflt;letterspace=0.0;letterspace=0;extend=1.0;mapping=tex-text;!
Missing character: There is no จ in font Times New Roman/OT:script=latn;languag
e=dflt;letterspace=0.0;letterspace=0;extend=1.0;mapping=tex-text;!
Missing character: There is no ะ in font Times New Roman/OT:script=latn;languag
e=dflt;letterspace=0.0;letterspace=0;extend=1.0;mapping=tex-text;!
Missing character: There is no ท in font Times New Roman/OT:script=latn;languag
e=dflt;letterspace=0.0;letterspace=0;extend=1.0;mapping=tex-text;!
Missing character: There is no ำ in font Times New Roman/OT:script=latn;languag
e=dflt;letterspace=0.0;letterspace=0;extend=1.0;mapping=tex-text;!
Missing character: There is no ร in font Times New Roman/OT:script=latn;languag
e=dflt;letterspace=0.0;letterspace=0;extend=1.0;mapping=tex-text;!
Missing character: There is no ะ in font Times New Roman/OT:script=latn;languag
e=dflt;letterspace=0.0;letterspace=0;extend=1.0;mapping=tex-text;!
Missing character: There is no บ in font Times New Roman/OT:script=latn;languag
e=dflt;letterspace=0.0;letterspace=0;extend=1.0;mapping=tex-text;!
Missing character: There is no บ in font Times New Roman/OT:script=latn;languag
e=dflt;letterspace=0.0;letterspace=0;extend=1.0;mapping=tex-text;!
Missing character: There is no ป in font Times New Roman/OT:script=latn;languag
e=dflt;letterspace=0.0;letterspace=0;extend=1.0;mapping=tex-text;!
Missing character: There is no ั in font Times New Roman/OT:script=latn;languag
e=dflt;letterspace=0.0;letterspace=0;extend=1.0;mapping=tex-text;!
Missing character: There is no ญ in font Times New Roman/OT:script=latn;languag
e=dflt;letterspace=0.0;letterspace=0;extend=1.0;mapping=tex-text;!
Missing character: There is no ญ in font Times New Roman/OT:script=latn;languag
e=dflt;letterspace=0.0;letterspace=0;extend=1.0;mapping=tex-text;!
Missing character: There is no า in font Times New Roman/OT:script=latn;languag
e=dflt;letterspace=0.0;letterspace=0;extend=1.0;mapping=tex-text;!
Missing character: There is no ป in font Times New Roman/OT:script=latn;languag
e=dflt;letterspace=0.0;letterspace=0;extend=1.0;mapping=tex-text;!
Missing character: There is no ร in font Times New Roman/OT:script=latn;languag
e=dflt;letterspace=0.0;letterspace=0;extend=1.0;mapping=tex-text;!
Missing character: There is no ะ in font Times New Roman/OT:script=latn;languag
e=dflt;letterspace=0.0;letterspace=0;extend=1.0;mapping=tex-text;!
Missing character: There is no ด in font Times New Roman/OT:script=latn;languag
e=dflt;letterspace=0.0;letterspace=0;extend=1.0;mapping=tex-text;!
Missing character: There is no ิ in font Times New Roman/OT:script=latn;languag
e=dflt;letterspace=0.0;letterspace=0;extend=1.0;mapping=tex-text;!
Missing character: There is no ษ in font Times New Roman/OT:script=latn;languag
e=dflt;letterspace=0.0;letterspace=0;extend=1.0;mapping=tex-text;!
Missing character: There is no ฐ in font Times New Roman/OT:script=latn;languag
e=dflt;letterspace=0.0;letterspace=0;extend=1.0;mapping=tex-text;!
Missing character: There is no ์ in font Times New Roman/OT:script=latn;languag
e=dflt;letterspace=0.0;letterspace=0;extend=1.0;mapping=tex-text;!
Missing character: There is no ห in font Times New Roman/OT:script=latn;languag
e=dflt;letterspace=0.0;letterspace=0;extend=1.0;mapping=tex-text;!
Missing character: There is no ร in font Times New Roman/OT:script=latn;languag
e=dflt;letterspace=0.0;letterspace=0;extend=1.0;mapping=tex-text;!
Missing character: There is no ื in font Times New Roman/OT:script=latn;languag
e=dflt;letterspace=0.0;letterspace=0;extend=1.0;mapping=tex-text;!
Missing character: There is no อ in font Times New Roman/OT:script=latn;languag
e=dflt;letterspace=0.0;letterspace=0;extend=1.0;mapping=tex-text;!
Missing character: There is no ม in font Times New Roman/OT:script=latn;languag
e=dflt;letterspace=0.0;letterspace=0;extend=1.0;mapping=tex-text;!
Missing character: There is no า in font Times New Roman/OT:script=latn;languag
e=dflt;letterspace=0.0;letterspace=0;extend=1.0;mapping=tex-text;!
Missing character: There is no แ in font Times New Roman/OT:script=latn;languag
e=dflt;letterspace=0.0;letterspace=0;extend=1.0;mapping=tex-text;!
Missing character: There is no ก in font Times New Roman/OT:script=latn;languag
e=dflt;letterspace=0.0;letterspace=0;extend=1.0;mapping=tex-text;!
Missing character: There is no ้ in font Times New Roman/OT:script=latn;languag
e=dflt;letterspace=0.0;letterspace=0;extend=1.0;mapping=tex-text;!
Missing character: There is no ไ in font Times New Roman/OT:script=latn;languag
e=dflt;letterspace=0.0;letterspace=0;extend=1.0;mapping=tex-text;!
Missing character: There is no ข in font Times New Roman/OT:script=latn;languag
e=dflt;letterspace=0.0;letterspace=0;extend=1.0;mapping=tex-text;!
Missing character: There is no ป in font Times New Roman/OT:script=latn;languag
e=dflt;letterspace=0.0;letterspace=0;extend=1.0;mapping=tex-text;!
Missing character: There is no ั in font Times New Roman/OT:script=latn;languag
e=dflt;letterspace=0.0;letterspace=0;extend=1.0;mapping=tex-text;!
Missing character: There is no ญ in font Times New Roman/OT:script=latn;languag
e=dflt;letterspace=0.0;letterspace=0;extend=1.0;mapping=tex-text;!
Missing character: There is no ห in font Times New Roman/OT:script=latn;languag
e=dflt;letterspace=0.0;letterspace=0;extend=1.0;mapping=tex-text;!
Missing character: There is no า in font Times New Roman/OT:script=latn;languag
e=dflt;letterspace=0.0;letterspace=0;extend=1.0;mapping=tex-text;!
Missing character: There is no ใ in font Times New Roman/OT:script=latn;languag
e=dflt;letterspace=0.0;letterspace=0;extend=1.0;mapping=tex-text;!
Missing character: There is no น in font Times New Roman/OT:script=latn;languag
e=dflt;letterspace=0.0;letterspace=0;extend=1.0;mapping=tex-text;!
Missing character: There is no ส in font Times New Roman/OT:script=latn;languag
e=dflt;letterspace=0.0;letterspace=0;extend=1.0;mapping=tex-text;!
Missing character: There is no ่ in font Times New Roman/OT:script=latn;languag
e=dflt;letterspace=0.0;letterspace=0;extend=1.0;mapping=tex-text;!
Missing character: There is no ว in font Times New Roman/OT:script=latn;languag
e=dflt;letterspace=0.0;letterspace=0;extend=1.0;mapping=tex-text;!
Missing character: There is no น in font Times New Roman/OT:script=latn;languag
e=dflt;letterspace=0.0;letterspace=0;extend=1.0;mapping=tex-text;!
Missing character: There is no น in font Times New Roman/OT:script=latn;languag
e=dflt;letterspace=0.0;letterspace=0;extend=1.0;mapping=tex-text;!
Missing character: There is no ี in font Times New Roman/OT:script=latn;languag
e=dflt;letterspace=0.0;letterspace=0;extend=1.0;mapping=tex-text;!
Missing character: There is no ้ in font Times New Roman/OT:script=latn;languag
e=dflt;letterspace=0.0;letterspace=0;extend=1.0;mapping=tex-text;!
Missing character: There is no โ in font Times New Roman/OT:script=latn;languag
e=dflt;letterspace=0.0;letterspace=0;extend=1.0;mapping=tex-text;!
Missing character: There is no ด in font Times New Roman/OT:script=latn;languag
e=dflt;letterspace=0.0;letterspace=0;extend=1.0;mapping=tex-text;!
Missing character: There is no ย in font Times New Roman/OT:script=latn;languag
e=dflt;letterspace=0.0;letterspace=0;extend=1.0;mapping=tex-text;!
Missing character: There is no ท in font Times New Roman/OT:script=latn;languag
e=dflt;letterspace=0.0;letterspace=0;extend=1.0;mapping=tex-text;!
Missing character: There is no ำ in font Times New Roman/OT:script=latn;languag
e=dflt;letterspace=0.0;letterspace=0;extend=1.0;mapping=tex-text;!
Missing character: There is no ท in font Times New Roman/OT:script=latn;languag
e=dflt;letterspace=0.0;letterspace=0;extend=1.0;mapping=tex-text;!
Missing character: There is no ี in font Times New Roman/OT:script=latn;languag
e=dflt;letterspace=0.0;letterspace=0;extend=1.0;mapping=tex-text;!
Missing character: There is no ่ in font Times New Roman/OT:script=latn;languag
e=dflt;letterspace=0.0;letterspace=0;extend=1.0;mapping=tex-text;!
Missing character: There is no ใ in font Times New Roman/OT:script=latn;languag
e=dflt;letterspace=0.0;letterspace=0;extend=1.0;mapping=tex-text;!
Missing character: There is no ช in font Times New Roman/OT:script=latn;languag
e=dflt;letterspace=0.0;letterspace=0;extend=1.0;mapping=tex-text;!
Missing character: There is no ้ in font Times New Roman/OT:script=latn;languag
e=dflt;letterspace=0.0;letterspace=0;extend=1.0;mapping=tex-text;!
Missing character: There is no แ in font Times New Roman/OT:script=latn;languag
e=dflt;letterspace=0.0;letterspace=0;extend=1.0;mapping=tex-text;!
Missing character: There is no ล in font Times New Roman/OT:script=latn;languag
e=dflt;letterspace=0.0;letterspace=0;extend=1.0;mapping=tex-text;!
Missing character: There is no ะ in font Times New Roman/OT:script=latn;languag
e=dflt;letterspace=0.0;letterspace=0;extend=1.0;mapping=tex-text;!
Missing character: There is no ซ in font Times New Roman/OT:script=latn;languag
e=dflt;letterspace=0.0;letterspace=0;extend=1.0;mapping=tex-text;!
Missing character: There is no ึ in font Times New Roman/OT:script=latn;languag
e=dflt;letterspace=0.0;letterspace=0;extend=1.0;mapping=tex-text;!
Missing character: There is no ่ in font Times New Roman/OT:script=latn;languag
e=dflt;letterspace=0.0;letterspace=0;extend=1.0;mapping=tex-text;!
Missing character: There is no ง in font Times New Roman/OT:script=latn;languag
e=dflt;letterspace=0.0;letterspace=0;extend=1.0;mapping=tex-text;!
Missing character: There is no ท in font Times New Roman/OT:script=latn;languag
e=dflt;letterspace=0.0;letterspace=0;extend=1.0;mapping=tex-text;!
Missing character: There is no า in font Times New Roman/OT:script=latn;languag
e=dflt;letterspace=0.0;letterspace=0;extend=1.0;mapping=tex-text;!
Missing character: There is no ง in font Times New Roman/OT:script=latn;languag
e=dflt;letterspace=0.0;letterspace=0;extend=1.0;mapping=tex-text;!
Missing character: There is no ค in font Times New Roman/OT:script=latn;languag
e=dflt;letterspace=0.0;letterspace=0;extend=1.0;mapping=tex-text;!
Missing character: There is no ณ in font Times New Roman/OT:script=latn;languag
e=dflt;letterspace=0.0;letterspace=0;extend=1.0;mapping=tex-text;!
Missing character: There is no ะ in font Times New Roman/OT:script=latn;languag
e=dflt;letterspace=0.0;letterspace=0;extend=1.0;mapping=tex-text;!
Missing character: There is no ผ in font Times New Roman/OT:script=latn;languag
e=dflt;letterspace=0.0;letterspace=0;extend=1.0;mapping=tex-text;!
Missing character: There is no ู in font Times New Roman/OT:script=latn;languag
e=dflt;letterspace=0.0;letterspace=0;extend=1.0;mapping=tex-text;!
Missing character: There is no ้ in font Times New Roman/OT:script=latn;languag
e=dflt;letterspace=0.0;letterspace=0;extend=1.0;mapping=tex-text;!
Missing character: There is no จ in font Times New Roman/OT:script=latn;languag
e=dflt;letterspace=0.0;letterspace=0;extend=1.0;mapping=tex-text;!
Missing character: There is no ั in font Times New Roman/OT:script=latn;languag
e=dflt;letterspace=0.0;letterspace=0;extend=1.0;mapping=tex-text;!
Missing character: There is no ด in font Times New Roman/OT:script=latn;languag
e=dflt;letterspace=0.0;letterspace=0;extend=1.0;mapping=tex-text;!
Missing character: There is no ท in font Times New Roman/OT:script=latn;languag
e=dflt;letterspace=0.0;letterspace=0;extend=1.0;mapping=tex-text;!
Missing character: There is no ำ in font Times New Roman/OT:script=latn;languag
e=dflt;letterspace=0.0;letterspace=0;extend=1.0;mapping=tex-text;!
Missing character: There is no ก in font Times New Roman/OT:script=latn;languag
e=dflt;letterspace=0.0;letterspace=0;extend=1.0;mapping=tex-text;!
Missing character: There is no ็ in font Times New Roman/OT:script=latn;languag
e=dflt;letterspace=0.0;letterspace=0;extend=1.0;mapping=tex-text;!
Missing character: There is no จ in font Times New Roman/OT:script=latn;languag
e=dflt;letterspace=0.0;letterspace=0;extend=1.0;mapping=tex-text;!
Missing character: There is no ะ in font Times New Roman/OT:script=latn;languag
e=dflt;letterspace=0.0;letterspace=0;extend=1.0;mapping=tex-text;!
Missing character: There is no ม in font Times New Roman/OT:script=latn;languag
e=dflt;letterspace=0.0;letterspace=0;extend=1.0;mapping=tex-text;!
Missing character: There is no ี in font Times New Roman/OT:script=latn;languag
e=dflt;letterspace=0.0;letterspace=0;extend=1.0;mapping=tex-text;!
Missing character: There is no ก in font Times New Roman/OT:script=latn;languag
e=dflt;letterspace=0.0;letterspace=0;extend=1.0;mapping=tex-text;!
Missing character: There is no า in font Times New Roman/OT:script=latn;languag
e=dflt;letterspace=0.0;letterspace=0;extend=1.0;mapping=tex-text;!
Missing character: There is no ร in font Times New Roman/OT:script=latn;languag
e=dflt;letterspace=0.0;letterspace=0;extend=1.0;mapping=tex-text;!
Missing character: There is no เ in font Times New Roman/OT:script=latn;languag
e=dflt;letterspace=0.0;letterspace=0;extend=1.0;mapping=tex-text;!
Missing character: There is no ป in font Times New Roman/OT:script=latn;languag
e=dflt;letterspace=0.0;letterspace=0;extend=1.0;mapping=tex-text;!
Missing character: There is no ร in font Times New Roman/OT:script=latn;languag
e=dflt;letterspace=0.0;letterspace=0;extend=1.0;mapping=tex-text;!
Missing character: There is no ี in font Times New Roman/OT:script=latn;languag
e=dflt;letterspace=0.0;letterspace=0;extend=1.0;mapping=tex-text;!
Missing character: There is no ย in font Times New Roman/OT:script=latn;languag
e=dflt;letterspace=0.0;letterspace=0;extend=1.0;mapping=tex-text;!
Missing character: There is no บ in font Times New Roman/OT:script=latn;languag
e=dflt;letterspace=0.0;letterspace=0;extend=1.0;mapping=tex-text;!
Missing character: There is no เ in font Times New Roman/OT:script=latn;languag
e=dflt;letterspace=0.0;letterspace=0;extend=1.0;mapping=tex-text;!
Missing character: There is no ท in font Times New Roman/OT:script=latn;languag
e=dflt;letterspace=0.0;letterspace=0;extend=1.0;mapping=tex-text;!
Missing character: There is no ี in font Times New Roman/OT:script=latn;languag
e=dflt;letterspace=0.0;letterspace=0;extend=1.0;mapping=tex-text;!
Missing character: There is no ย in font Times New Roman/OT:script=latn;languag
e=dflt;letterspace=0.0;letterspace=0;extend=1.0;mapping=tex-text;!
Missing character: There is no บ in font Times New Roman/OT:script=latn;languag
e=dflt;letterspace=0.0;letterspace=0;extend=1.0;mapping=tex-text;!
Missing character: There is no ก in font Times New Roman/OT:script=latn;languag
e=dflt;letterspace=0.0;letterspace=0;extend=1.0;mapping=tex-text;!
Missing character: There is no ั in font Times New Roman/OT:script=latn;languag
e=dflt;letterspace=0.0;letterspace=0;extend=1.0;mapping=tex-text;!
Missing character: There is no บ in font Times New Roman/OT:script=latn;languag
e=dflt;letterspace=0.0;letterspace=0;extend=1.0;mapping=tex-text;!
Missing character: There is no ส in font Times New Roman/OT:script=latn;languag
e=dflt;letterspace=0.0;letterspace=0;extend=1.0;mapping=tex-text;!
Missing character: There is no ถ in font Times New Roman/OT:script=latn;languag
e=dflt;letterspace=0.0;letterspace=0;extend=1.0;mapping=tex-text;!
Missing character: There is no า in font Times New Roman/OT:script=latn;languag
e=dflt;letterspace=0.0;letterspace=0;extend=1.0;mapping=tex-text;!
Missing character: There is no ป in font Times New Roman/OT:script=latn;languag
e=dflt;letterspace=0.0;letterspace=0;extend=1.0;mapping=tex-text;!
Missing character: There is no ั in font Times New Roman/OT:script=latn;languag
e=dflt;letterspace=0.0;letterspace=0;extend=1.0;mapping=tex-text;!
Missing character: There is no ต in font Times New Roman/OT:script=latn;languag
e=dflt;letterspace=0.0;letterspace=0;extend=1.0;mapping=tex-text;!
Missing character: There is no ย in font Times New Roman/OT:script=latn;languag
e=dflt;letterspace=0.0;letterspace=0;extend=1.0;mapping=tex-text;!
Missing character: There is no ก in font Times New Roman/OT:script=latn;languag
e=dflt;letterspace=0.0;letterspace=0;extend=1.0;mapping=tex-text;!
Missing character: There is no ร in font Times New Roman/OT:script=latn;languag
e=dflt;letterspace=0.0;letterspace=0;extend=1.0;mapping=tex-text;!
Missing character: There is no ร in font Times New Roman/OT:script=latn;languag
e=dflt;letterspace=0.0;letterspace=0;extend=1.0;mapping=tex-text;!
Missing character: There is no ม in font Times New Roman/OT:script=latn;languag
e=dflt;letterspace=0.0;letterspace=0;extend=1.0;mapping=tex-text;!
Missing character: There is no ข in font Times New Roman/OT:script=latn;languag
e=dflt;letterspace=0.0;letterspace=0;extend=1.0;mapping=tex-text;!
Missing character: There is no อ in font Times New Roman/OT:script=latn;languag
e=dflt;letterspace=0.0;letterspace=0;extend=1.0;mapping=tex-text;!
Missing character: There is no ง in font Times New Roman/OT:script=latn;languag
e=dflt;letterspace=0.0;letterspace=0;extend=1.0;mapping=tex-text;!
Missing character: There is no โ in font Times New Roman/OT:script=latn;languag
e=dflt;letterspace=0.0;letterspace=0;extend=1.0;mapping=tex-text;!
Missing character: There is no ม in font Times New Roman/OT:script=latn;languag
e=dflt;letterspace=0.0;letterspace=0;extend=1.0;mapping=tex-text;!
Missing character: There is no เ in font Times New Roman/OT:script=latn;languag
e=dflt;letterspace=0.0;letterspace=0;extend=1.0;mapping=tex-text;!
Missing character: There is no ด in font Times New Roman/OT:script=latn;languag
e=dflt;letterspace=0.0;letterspace=0;extend=1.0;mapping=tex-text;!
Missing character: There is no ล in font Times New Roman/OT:script=latn;languag
e=dflt;letterspace=0.0;letterspace=0;extend=1.0;mapping=tex-text;!
Missing character: There is no อ in font Times New Roman/OT:script=latn;languag
e=dflt;letterspace=0.0;letterspace=0;extend=1.0;mapping=tex-text;!
Missing character: There is no ื in font Times New Roman/OT:script=latn;languag
e=dflt;letterspace=0.0;letterspace=0;extend=1.0;mapping=tex-text;!
Missing character: There is no ่ in font Times New Roman/OT:script=latn;languag
e=dflt;letterspace=0.0;letterspace=0;extend=1.0;mapping=tex-text;!
Missing character: There is no น in font Times New Roman/OT:script=latn;languag
e=dflt;letterspace=0.0;letterspace=0;extend=1.0;mapping=tex-text;!
Missing character: There is no ๆ in font Times New Roman/OT:script=latn;languag
e=dflt;letterspace=0.0;letterspace=0;extend=1.0;mapping=tex-text;!
Missing character: There is no เ in font Times New Roman/OT:script=latn;languag
e=dflt;letterspace=0.0;letterspace=0;extend=1.0;mapping=tex-text;!
Missing character: There is no พ in font Times New Roman/OT:script=latn;languag
e=dflt;letterspace=0.0;letterspace=0;extend=1.0;mapping=tex-text;!
Missing character: There is no ื in font Times New Roman/OT:script=latn;languag
e=dflt;letterspace=0.0;letterspace=0;extend=1.0;mapping=tex-text;!
Missing character: There is no ่ in font Times New Roman/OT:script=latn;languag
e=dflt;letterspace=0.0;letterspace=0;extend=1.0;mapping=tex-text;!
Missing character: There is no อ in font Times New Roman/OT:script=latn;languag
e=dflt;letterspace=0.0;letterspace=0;extend=1.0;mapping=tex-text;!
Missing character: There is no ส in font Times New Roman/OT:script=latn;languag
e=dflt;letterspace=0.0;letterspace=0;extend=1.0;mapping=tex-text;!
Missing character: There is no ร in font Times New Roman/OT:script=latn;languag
e=dflt;letterspace=0.0;letterspace=0;extend=1.0;mapping=tex-text;!
Missing character: There is no ้ in font Times New Roman/OT:script=latn;languag
e=dflt;letterspace=0.0;letterspace=0;extend=1.0;mapping=tex-text;!
Missing character: There is no า in font Times New Roman/OT:script=latn;languag
e=dflt;letterspace=0.0;letterspace=0;extend=1.0;mapping=tex-text;!
Missing character: There is no ง in font Times New Roman/OT:script=latn;languag
e=dflt;letterspace=0.0;letterspace=0;extend=1.0;mapping=tex-text;!
Missing character: There is no โ in font Times New Roman/OT:script=latn;languag
e=dflt;letterspace=0.0;letterspace=0;extend=1.0;mapping=tex-text;!
Missing character: There is no ม in font Times New Roman/OT:script=latn;languag
e=dflt;letterspace=0.0;letterspace=0;extend=1.0;mapping=tex-text;!
Missing character: There is no เ in font Times New Roman/OT:script=latn;languag
e=dflt;letterspace=0.0;letterspace=0;extend=1.0;mapping=tex-text;!
Missing character: There is no ด in font Times New Roman/OT:script=latn;languag
e=dflt;letterspace=0.0;letterspace=0;extend=1.0;mapping=tex-text;!
Missing character: There is no ล in font Times New Roman/OT:script=latn;languag
e=dflt;letterspace=0.0;letterspace=0;extend=1.0;mapping=tex-text;!
Missing character: There is no ท in font Times New Roman/OT:script=latn;languag
e=dflt;letterspace=0.0;letterspace=0;extend=1.0;mapping=tex-text;!
Missing character: There is no ี in font Times New Roman/OT:script=latn;languag
e=dflt;letterspace=0.0;letterspace=0;extend=1.0;mapping=tex-text;!
Missing character: There is no ่ in font Times New Roman/OT:script=latn;languag
e=dflt;letterspace=0.0;letterspace=0;extend=1.0;mapping=tex-text;!
Missing character: There is no ม in font Times New Roman/OT:script=latn;languag
e=dflt;letterspace=0.0;letterspace=0;extend=1.0;mapping=tex-text;!
Missing character: There is no ี in font Times New Roman/OT:script=latn;languag
e=dflt;letterspace=0.0;letterspace=0;extend=1.0;mapping=tex-text;!
Missing character: There is no ป in font Times New Roman/OT:script=latn;languag
e=dflt;letterspace=0.0;letterspace=0;extend=1.0;mapping=tex-text;!
Missing character: There is no ร in font Times New Roman/OT:script=latn;languag
e=dflt;letterspace=0.0;letterspace=0;extend=1.0;mapping=tex-text;!
Missing character: There is no ะ in font Times New Roman/OT:script=latn;languag
e=dflt;letterspace=0.0;letterspace=0;extend=1.0;mapping=tex-text;!
Missing character: There is no ส in font Times New Roman/OT:script=latn;languag
e=dflt;letterspace=0.0;letterspace=0;extend=1.0;mapping=tex-text;!
Missing character: There is no ิ in font Times New Roman/OT:script=latn;languag
e=dflt;letterspace=0.0;letterspace=0;extend=1.0;mapping=tex-text;!
Missing character: There is no ท in font Times New Roman/OT:script=latn;languag
e=dflt;letterspace=0.0;letterspace=0;extend=1.0;mapping=tex-text;!
Missing character: There is no ธ in font Times New Roman/OT:script=latn;languag
e=dflt;letterspace=0.0;letterspace=0;extend=1.0;mapping=tex-text;!
Missing character: There is no ิ in font Times New Roman/OT:script=latn;languag
e=dflt;letterspace=0.0;letterspace=0;extend=1.0;mapping=tex-text;!
Missing character: There is no ภ in font Times New Roman/OT:script=latn;languag
e=dflt;letterspace=0.0;letterspace=0;extend=1.0;mapping=tex-text;!
Missing character: There is no า in font Times New Roman/OT:script=latn;languag
e=dflt;letterspace=0.0;letterspace=0;extend=1.0;mapping=tex-text;!
Missing character: There is no พ in font Times New Roman/OT:script=latn;languag
e=dflt;letterspace=0.0;letterspace=0;extend=1.0;mapping=tex-text;!
Missing character: There is no ม in font Times New Roman/OT:script=latn;languag
e=dflt;letterspace=0.0;letterspace=0;extend=1.0;mapping=tex-text;!
Missing character: There is no า in font Times New Roman/OT:script=latn;languag
e=dflt;letterspace=0.0;letterspace=0;extend=1.0;mapping=tex-text;!
Missing character: There is no ก in font Times New Roman/OT:script=latn;languag
e=dflt;letterspace=0.0;letterspace=0;extend=1.0;mapping=tex-text;!
Missing character: There is no ท in font Times New Roman/OT:script=latn;languag
e=dflt;letterspace=0.0;letterspace=0;extend=1.0;mapping=tex-text;!
Missing character: There is no ี in font Times New Roman/OT:script=latn;languag
e=dflt;letterspace=0.0;letterspace=0;extend=1.0;mapping=tex-text;!
Missing character: There is no ่ in font Times New Roman/OT:script=latn;languag
e=dflt;letterspace=0.0;letterspace=0;extend=1.0;mapping=tex-text;!
Missing character: There is no ส in font Times New Roman/OT:script=latn;languag
e=dflt;letterspace=0.0;letterspace=0;extend=1.0;mapping=tex-text;!
Missing character: There is no ุ in font Times New Roman/OT:script=latn;languag
e=dflt;letterspace=0.0;letterspace=0;extend=1.0;mapping=tex-text;!
Missing character: There is no ด in font Times New Roman/OT:script=latn;languag
e=dflt;letterspace=0.0;letterspace=0;extend=1.0;mapping=tex-text;!
Missing character: There is no ซ in font Times New Roman/OT:script=latn;languag
e=dflt;letterspace=0.0;letterspace=0;extend=1.0;mapping=tex-text;!
Missing character: There is no ึ in font Times New Roman/OT:script=latn;languag
e=dflt;letterspace=0.0;letterspace=0;extend=1.0;mapping=tex-text;!
Missing character: There is no ่ in font Times New Roman/OT:script=latn;languag
e=dflt;letterspace=0.0;letterspace=0;extend=1.0;mapping=tex-text;!
Missing character: There is no ง in font Times New Roman/OT:script=latn;languag
e=dflt;letterspace=0.0;letterspace=0;extend=1.0;mapping=tex-text;!
Missing character: There is no ถ in font Times New Roman/OT:script=latn;languag
e=dflt;letterspace=0.0;letterspace=0;extend=1.0;mapping=tex-text;!
Missing character: There is no ้ in font Times New Roman/OT:script=latn;languag
e=dflt;letterspace=0.0;letterspace=0;extend=1.0;mapping=tex-text;!
Missing character: There is no า in font Times New Roman/OT:script=latn;languag
e=dflt;letterspace=0.0;letterspace=0;extend=1.0;mapping=tex-text;!
Missing character: There is no โ in font Times New Roman/OT:script=latn;languag
e=dflt;letterspace=0.0;letterspace=0;extend=1.0;mapping=tex-text;!
Missing character: There is no ค in font Times New Roman/OT:script=latn;languag
e=dflt;letterspace=0.0;letterspace=0;extend=1.0;mapping=tex-text;!
Missing character: There is no ร in font Times New Roman/OT:script=latn;languag
e=dflt;letterspace=0.0;letterspace=0;extend=1.0;mapping=tex-text;!
Missing character: There is no ง in font Times New Roman/OT:script=latn;languag
e=dflt;letterspace=0.0;letterspace=0;extend=1.0;mapping=tex-text;!
Missing character: There is no ง in font Times New Roman/OT:script=latn;languag
e=dflt;letterspace=0.0;letterspace=0;extend=1.0;mapping=tex-text;!
Missing character: There is no า in font Times New Roman/OT:script=latn;languag
e=dflt;letterspace=0.0;letterspace=0;extend=1.0;mapping=tex-text;!
Missing character: There is no น in font Times New Roman/OT:script=latn;languag
e=dflt;letterspace=0.0;letterspace=0;extend=1.0;mapping=tex-text;!
Missing character: There is no น in font Times New Roman/OT:script=latn;languag
e=dflt;letterspace=0.0;letterspace=0;extend=1.0;mapping=tex-text;!
Missing character: There is no ี in font Times New Roman/OT:script=latn;languag
e=dflt;letterspace=0.0;letterspace=0;extend=1.0;mapping=tex-text;!
Missing character: There is no ้ in font Times New Roman/OT:script=latn;languag
e=dflt;letterspace=0.0;letterspace=0;extend=1.0;mapping=tex-text;!
Missing character: There is no ป in font Times New Roman/OT:script=latn;languag
e=dflt;letterspace=0.0;letterspace=0;extend=1.0;mapping=tex-text;!
Missing character: There is no ร in font Times New Roman/OT:script=latn;languag
e=dflt;letterspace=0.0;letterspace=0;extend=1.0;mapping=tex-text;!
Missing character: There is no ะ in font Times New Roman/OT:script=latn;languag
e=dflt;letterspace=0.0;letterspace=0;extend=1.0;mapping=tex-text;!
Missing character: There is no ส in font Times New Roman/OT:script=latn;languag
e=dflt;letterspace=0.0;letterspace=0;extend=1.0;mapping=tex-text;!
Missing character: There is no บ in font Times New Roman/OT:script=latn;languag
e=dflt;letterspace=0.0;letterspace=0;extend=1.0;mapping=tex-text;!
Missing character: There is no ค in font Times New Roman/OT:script=latn;languag
e=dflt;letterspace=0.0;letterspace=0;extend=1.0;mapping=tex-text;!
Missing character: There is no ว in font Times New Roman/OT:script=latn;languag
e=dflt;letterspace=0.0;letterspace=0;extend=1.0;mapping=tex-text;!
Missing character: There is no า in font Times New Roman/OT:script=latn;languag
e=dflt;letterspace=0.0;letterspace=0;extend=1.0;mapping=tex-text;!
Missing character: There is no ม in font Times New Roman/OT:script=latn;languag
e=dflt;letterspace=0.0;letterspace=0;extend=1.0;mapping=tex-text;!
Missing character: There is no ส in font Times New Roman/OT:script=latn;languag
e=dflt;letterspace=0.0;letterspace=0;extend=1.0;mapping=tex-text;!
Missing character: There is no ำ in font Times New Roman/OT:script=latn;languag
e=dflt;letterspace=0.0;letterspace=0;extend=1.0;mapping=tex-text;!
Missing character: There is no เ in font Times New Roman/OT:script=latn;languag
e=dflt;letterspace=0.0;letterspace=0;extend=1.0;mapping=tex-text;!
Missing character: There is no ร in font Times New Roman/OT:script=latn;languag
e=dflt;letterspace=0.0;letterspace=0;extend=1.0;mapping=tex-text;!
Missing character: There is no ็ in font Times New Roman/OT:script=latn;languag
e=dflt;letterspace=0.0;letterspace=0;extend=1.0;mapping=tex-text;!
Missing character: There is no จ in font Times New Roman/OT:script=latn;languag
e=dflt;letterspace=0.0;letterspace=0;extend=1.0;mapping=tex-text;!
Missing character: There is no จ in font Times New Roman/OT:script=latn;languag
e=dflt;letterspace=0.0;letterspace=0;extend=1.0;mapping=tex-text;!
Missing character: There is no ะ in font Times New Roman/OT:script=latn;languag
e=dflt;letterspace=0.0;letterspace=0;extend=1.0;mapping=tex-text;!
Missing character: There is no ส in font Times New Roman/OT:script=latn;languag
e=dflt;letterspace=0.0;letterspace=0;extend=1.0;mapping=tex-text;!
Missing character: There is no า in font Times New Roman/OT:script=latn;languag
e=dflt;letterspace=0.0;letterspace=0;extend=1.0;mapping=tex-text;!
Missing character: There is no ม in font Times New Roman/OT:script=latn;languag
e=dflt;letterspace=0.0;letterspace=0;extend=1.0;mapping=tex-text;!
Missing character: There is no า in font Times New Roman/OT:script=latn;languag
e=dflt;letterspace=0.0;letterspace=0;extend=1.0;mapping=tex-text;!
Missing character: There is no ร in font Times New Roman/OT:script=latn;languag
e=dflt;letterspace=0.0;letterspace=0;extend=1.0;mapping=tex-text;!
Missing character: There is no ถ in font Times New Roman/OT:script=latn;languag
e=dflt;letterspace=0.0;letterspace=0;extend=1.0;mapping=tex-text;!
Missing character: There is no ต in font Times New Roman/OT:script=latn;languag
e=dflt;letterspace=0.0;letterspace=0;extend=1.0;mapping=tex-text;!
Missing character: There is no ร in font Times New Roman/OT:script=latn;languag
e=dflt;letterspace=0.0;letterspace=0;extend=1.0;mapping=tex-text;!
Missing character: There is no ว in font Times New Roman/OT:script=latn;languag
e=dflt;letterspace=0.0;letterspace=0;extend=1.0;mapping=tex-text;!
Missing character: There is no จ in font Times New Roman/OT:script=latn;languag
e=dflt;letterspace=0.0;letterspace=0;extend=1.0;mapping=tex-text;!
Missing character: There is no ส in font Times New Roman/OT:script=latn;languag
e=dflt;letterspace=0.0;letterspace=0;extend=1.0;mapping=tex-text;!
Missing character: There is no อ in font Times New Roman/OT:script=latn;languag
e=dflt;letterspace=0.0;letterspace=0;extend=1.0;mapping=tex-text;!
Missing character: There is no บ in font Times New Roman/OT:script=latn;languag
e=dflt;letterspace=0.0;letterspace=0;extend=1.0;mapping=tex-text;!
Missing character: There is no ค in font Times New Roman/OT:script=latn;languag
e=dflt;letterspace=0.0;letterspace=0;extend=1.0;mapping=tex-text;!
Missing character: There is no ุ in font Times New Roman/OT:script=latn;languag
e=dflt;letterspace=0.0;letterspace=0;extend=1.0;mapping=tex-text;!
Missing character: There is no ณ in font Times New Roman/OT:script=latn;languag
e=dflt;letterspace=0.0;letterspace=0;extend=1.0;mapping=tex-text;!
Missing character: There is no ภ in font Times New Roman/OT:script=latn;languag
e=dflt;letterspace=0.0;letterspace=0;extend=1.0;mapping=tex-text;!
Missing character: There is no า in font Times New Roman/OT:script=latn;languag
e=dflt;letterspace=0.0;letterspace=0;extend=1.0;mapping=tex-text;!
Missing character: There is no พ in font Times New Roman/OT:script=latn;languag
e=dflt;letterspace=0.0;letterspace=0;extend=1.0;mapping=tex-text;!
Missing character: There is no ข in font Times New Roman/OT:script=latn;languag
e=dflt;letterspace=0.0;letterspace=0;extend=1.0;mapping=tex-text;!
Missing character: There is no อ in font Times New Roman/OT:script=latn;languag
e=dflt;letterspace=0.0;letterspace=0;extend=1.0;mapping=tex-text;!
Missing character: There is no ง in font Times New Roman/OT:script=latn;languag
e=dflt;letterspace=0.0;letterspace=0;extend=1.0;mapping=tex-text;!
Missing character: There is no ค in font Times New Roman/OT:script=latn;languag
e=dflt;letterspace=0.0;letterspace=0;extend=1.0;mapping=tex-text;!
Missing character: There is no ำ in font Times New Roman/OT:script=latn;languag
e=dflt;letterspace=0.0;letterspace=0;extend=1.0;mapping=tex-text;!
Missing character: There is no อ in font Times New Roman/OT:script=latn;languag
e=dflt;letterspace=0.0;letterspace=0;extend=1.0;mapping=tex-text;!
Missing character: There is no ธ in font Times New Roman/OT:script=latn;languag
e=dflt;letterspace=0.0;letterspace=0;extend=1.0;mapping=tex-text;!
Missing character: There is no ิ in font Times New Roman/OT:script=latn;languag
e=dflt;letterspace=0.0;letterspace=0;extend=1.0;mapping=tex-text;!
Missing character: There is no บ in font Times New Roman/OT:script=latn;languag
e=dflt;letterspace=0.0;letterspace=0;extend=1.0;mapping=tex-text;!
Missing character: There is no า in font Times New Roman/OT:script=latn;languag
e=dflt;letterspace=0.0;letterspace=0;extend=1.0;mapping=tex-text;!
Missing character: There is no ย in font Times New Roman/OT:script=latn;languag
e=dflt;letterspace=0.0;letterspace=0;extend=1.0;mapping=tex-text;!
Missing character: There is no ส in font Times New Roman/OT:script=latn;languag
e=dflt;letterspace=0.0;letterspace=0;extend=1.0;mapping=tex-text;!
Missing character: There is no ิ in font Times New Roman/OT:script=latn;languag
e=dflt;letterspace=0.0;letterspace=0;extend=1.0;mapping=tex-text;!
Missing character: There is no น in font Times New Roman/OT:script=latn;languag
e=dflt;letterspace=0.0;letterspace=0;extend=1.0;mapping=tex-text;!
Missing character: There is no ค in font Times New Roman/OT:script=latn;languag
e=dflt;letterspace=0.0;letterspace=0;extend=1.0;mapping=tex-text;!
Missing character: There is no ้ in font Times New Roman/OT:script=latn;languag
e=dflt;letterspace=0.0;letterspace=0;extend=1.0;mapping=tex-text;!
Missing character: There is no า in font Times New Roman/OT:script=latn;languag
e=dflt;letterspace=0.0;letterspace=0;extend=1.0;mapping=tex-text;!
Missing character: There is no ใ in font Times New Roman/OT:script=latn;languag
e=dflt;letterspace=0.0;letterspace=0;extend=1.0;mapping=tex-text;!
Missing character: There is no น in font Times New Roman/OT:script=latn;languag
e=dflt;letterspace=0.0;letterspace=0;extend=1.0;mapping=tex-text;!
Missing character: There is no เ in font Times New Roman/OT:script=latn;languag
e=dflt;letterspace=0.0;letterspace=0;extend=1.0;mapping=tex-text;!
Missing character: There is no ว in font Times New Roman/OT:script=latn;languag
e=dflt;letterspace=0.0;letterspace=0;extend=1.0;mapping=tex-text;!
Missing character: There is no ็ in font Times New Roman/OT:script=latn;languag
e=dflt;letterspace=0.0;letterspace=0;extend=1.0;mapping=tex-text;!
Missing character: There is no บ in font Times New Roman/OT:script=latn;languag
e=dflt;letterspace=0.0;letterspace=0;extend=1.0;mapping=tex-text;!
Missing character: There is no ไ in font Times New Roman/OT:script=latn;languag
e=dflt;letterspace=0.0;letterspace=0;extend=1.0;mapping=tex-text;!
Missing character: There is no ซ in font Times New Roman/OT:script=latn;languag
e=dflt;letterspace=0.0;letterspace=0;extend=1.0;mapping=tex-text;!
Missing character: There is no ต in font Times New Roman/OT:script=latn;languag
e=dflt;letterspace=0.0;letterspace=0;extend=1.0;mapping=tex-text;!
Missing character: There is no ์ in font Times New Roman/OT:script=latn;languag
e=dflt;letterspace=0.0;letterspace=0;extend=1.0;mapping=tex-text;!
Missing character: There is no ข in font Times New Roman/OT:script=latn;languag
e=dflt;letterspace=0.0;letterspace=0;extend=1.0;mapping=tex-text;!
Missing character: There is no า in font Times New Roman/OT:script=latn;languag
e=dflt;letterspace=0.0;letterspace=0;extend=1.0;mapping=tex-text;!
Missing character: There is no ย in font Times New Roman/OT:script=latn;languag
e=dflt;letterspace=0.0;letterspace=0;extend=1.0;mapping=tex-text;!
Missing character: There is no ส in font Times New Roman/OT:script=latn;languag
e=dflt;letterspace=0.0;letterspace=0;extend=1.0;mapping=tex-text;!
Missing character: There is no ิ in font Times New Roman/OT:script=latn;languag
e=dflt;letterspace=0.0;letterspace=0;extend=1.0;mapping=tex-text;!
Missing character: There is no น in font Times New Roman/OT:script=latn;languag
e=dflt;letterspace=0.0;letterspace=0;extend=1.0;mapping=tex-text;!
Missing character: There is no ค in font Times New Roman/OT:script=latn;languag
e=dflt;letterspace=0.0;letterspace=0;extend=1.0;mapping=tex-text;!
Missing character: There is no ้ in font Times New Roman/OT:script=latn;languag
e=dflt;letterspace=0.0;letterspace=0;extend=1.0;mapping=tex-text;!
Missing character: There is no า in font Times New Roman/OT:script=latn;languag
e=dflt;letterspace=0.0;letterspace=0;extend=1.0;mapping=tex-text;!
Missing character: There is no อ in font Times New Roman/OT:script=latn;languag
e=dflt;letterspace=0.0;letterspace=0;extend=1.0;mapping=tex-text;!
Missing character: There is no อ in font Times New Roman/OT:script=latn;languag
e=dflt;letterspace=0.0;letterspace=0;extend=1.0;mapping=tex-text;!
Missing character: There is no น in font Times New Roman/OT:script=latn;languag
e=dflt;letterspace=0.0;letterspace=0;extend=1.0;mapping=tex-text;!
Missing character: There is no ไ in font Times New Roman/OT:script=latn;languag
e=dflt;letterspace=0.0;letterspace=0;extend=1.0;mapping=tex-text;!
Missing character: There is no ล in font Times New Roman/OT:script=latn;languag
e=dflt;letterspace=0.0;letterspace=0;extend=1.0;mapping=tex-text;!
Missing character: There is no น in font Times New Roman/OT:script=latn;languag
e=dflt;letterspace=0.0;letterspace=0;extend=1.0;mapping=tex-text;!
Missing character: There is no ์ in font Times New Roman/OT:script=latn;languag
e=dflt;letterspace=0.0;letterspace=0;extend=1.0;mapping=tex-text;!
Missing character: There is no ท in font Times New Roman/OT:script=latn;languag
e=dflt;letterspace=0.0;letterspace=0;extend=1.0;mapping=tex-text;!
Missing character: There is no ำ in font Times New Roman/OT:script=latn;languag
e=dflt;letterspace=0.0;letterspace=0;extend=1.0;mapping=tex-text;!
Missing character: There is no ใ in font Times New Roman/OT:script=latn;languag
e=dflt;letterspace=0.0;letterspace=0;extend=1.0;mapping=tex-text;!
Missing character: There is no ห in font Times New Roman/OT:script=latn;languag
e=dflt;letterspace=0.0;letterspace=0;extend=1.0;mapping=tex-text;!
Missing character: There is no ้ in font Times New Roman/OT:script=latn;languag
e=dflt;letterspace=0.0;letterspace=0;extend=1.0;mapping=tex-text;!
Missing character: There is no ค in font Times New Roman/OT:script=latn;languag
e=dflt;letterspace=0.0;letterspace=0;extend=1.0;mapping=tex-text;!
Missing character: There is no ุ in font Times New Roman/OT:script=latn;languag
e=dflt;letterspace=0.0;letterspace=0;extend=1.0;mapping=tex-text;!
Missing character: There is no ณ in font Times New Roman/OT:script=latn;languag
e=dflt;letterspace=0.0;letterspace=0;extend=1.0;mapping=tex-text;!
Missing character: There is no ภ in font Times New Roman/OT:script=latn;languag
e=dflt;letterspace=0.0;letterspace=0;extend=1.0;mapping=tex-text;!
Missing character: There is no า in font Times New Roman/OT:script=latn;languag
e=dflt;letterspace=0.0;letterspace=0;extend=1.0;mapping=tex-text;!
Missing character: There is no พ in font Times New Roman/OT:script=latn;languag
e=dflt;letterspace=0.0;letterspace=0;extend=1.0;mapping=tex-text;!
Missing character: There is no แ in font Times New Roman/OT:script=latn;languag
e=dflt;letterspace=0.0;letterspace=0;extend=1.0;mapping=tex-text;!
Missing character: There is no ล in font Times New Roman/OT:script=latn;languag
e=dflt;letterspace=0.0;letterspace=0;extend=1.0;mapping=tex-text;!
Missing character: There is no ะ in font Times New Roman/OT:script=latn;languag
e=dflt;letterspace=0.0;letterspace=0;extend=1.0;mapping=tex-text;!
Missing character: There is no ภ in font Times New Roman/OT:script=latn;languag
e=dflt;letterspace=0.0;letterspace=0;extend=1.0;mapping=tex-text;!
Missing character: There is no า in font Times New Roman/OT:script=latn;languag
e=dflt;letterspace=0.0;letterspace=0;extend=1.0;mapping=tex-text;!
Missing character: There is no พ in font Times New Roman/OT:script=latn;languag
e=dflt;letterspace=0.0;letterspace=0;extend=1.0;mapping=tex-text;!
Missing character: There is no ล in font Times New Roman/OT:script=latn;languag
e=dflt;letterspace=0.0;letterspace=0;extend=1.0;mapping=tex-text;!
Missing character: There is no ั in font Times New Roman/OT:script=latn;languag
e=dflt;letterspace=0.0;letterspace=0;extend=1.0;mapping=tex-text;!
Missing character: There is no ก in font Times New Roman/OT:script=latn;languag
e=dflt;letterspace=0.0;letterspace=0;extend=1.0;mapping=tex-text;!
Missing character: There is no ษ in font Times New Roman/OT:script=latn;languag
e=dflt;letterspace=0.0;letterspace=0;extend=1.0;mapping=tex-text;!
Missing character: There is no ณ in font Times New Roman/OT:script=latn;languag
e=dflt;letterspace=0.0;letterspace=0;extend=1.0;mapping=tex-text;!
Missing character: There is no ์ in font Times New Roman/OT:script=latn;languag
e=dflt;letterspace=0.0;letterspace=0;extend=1.0;mapping=tex-text;!
Missing character: There is no ต in font Times New Roman/OT:script=latn;languag
e=dflt;letterspace=0.0;letterspace=0;extend=1.0;mapping=tex-text;!
Missing character: There is no ่ in font Times New Roman/OT:script=latn;languag
e=dflt;letterspace=0.0;letterspace=0;extend=1.0;mapping=tex-text;!
Missing character: There is no อ in font Times New Roman/OT:script=latn;languag
e=dflt;letterspace=0.0;letterspace=0;extend=1.0;mapping=tex-text;!
Missing character: There is no ส in font Times New Roman/OT:script=latn;languag
e=dflt;letterspace=0.0;letterspace=0;extend=1.0;mapping=tex-text;!
Missing character: There is no ั in font Times New Roman/OT:script=latn;languag
e=dflt;letterspace=0.0;letterspace=0;extend=1.0;mapping=tex-text;!
Missing character: There is no ง in font Times New Roman/OT:script=latn;languag
e=dflt;letterspace=0.0;letterspace=0;extend=1.0;mapping=tex-text;!
Missing character: There is no ค in font Times New Roman/OT:script=latn;languag
e=dflt;letterspace=0.0;letterspace=0;extend=1.0;mapping=tex-text;!
Missing character: There is no ม in font Times New Roman/OT:script=latn;languag
e=dflt;letterspace=0.0;letterspace=0;extend=1.0;mapping=tex-text;!
Missing character: There is no ข in font Times New Roman/OT:script=latn;languag
e=dflt;letterspace=0.0;letterspace=0;extend=1.0;mapping=tex-text;!
Missing character: There is no อ in font Times New Roman/OT:script=latn;languag
e=dflt;letterspace=0.0;letterspace=0;extend=1.0;mapping=tex-text;!
Missing character: There is no ง in font Times New Roman/OT:script=latn;languag
e=dflt;letterspace=0.0;letterspace=0;extend=1.0;mapping=tex-text;!
Missing character: There is no เ in font Times New Roman/OT:script=latn;languag
e=dflt;letterspace=0.0;letterspace=0;extend=1.0;mapping=tex-text;!
Missing character: There is no ว in font Times New Roman/OT:script=latn;languag
e=dflt;letterspace=0.0;letterspace=0;extend=1.0;mapping=tex-text;!
Missing character: There is no ็ in font Times New Roman/OT:script=latn;languag
e=dflt;letterspace=0.0;letterspace=0;extend=1.0;mapping=tex-text;!
Missing character: There is no บ in font Times New Roman/OT:script=latn;languag
e=dflt;letterspace=0.0;letterspace=0;extend=1.0;mapping=tex-text;!
Missing character: There is no ไ in font Times New Roman/OT:script=latn;languag
e=dflt;letterspace=0.0;letterspace=0;extend=1.0;mapping=tex-text;!
Missing character: There is no ซ in font Times New Roman/OT:script=latn;languag
e=dflt;letterspace=0.0;letterspace=0;extend=1.0;mapping=tex-text;!
Missing character: There is no ต in font Times New Roman/OT:script=latn;languag
e=dflt;letterspace=0.0;letterspace=0;extend=1.0;mapping=tex-text;!
Missing character: There is no ์ in font Times New Roman/OT:script=latn;languag
e=dflt;letterspace=0.0;letterspace=0;extend=1.0;mapping=tex-text;!
Missing character: There is no น in font Times New Roman/OT:script=latn;languag
e=dflt;letterspace=0.0;letterspace=0;extend=1.0;mapping=tex-text;!
Missing character: There is no ั in font Times New Roman/OT:script=latn;languag
e=dflt;letterspace=0.0;letterspace=0;extend=1.0;mapping=tex-text;!
Missing character: There is no ้ in font Times New Roman/OT:script=latn;languag
e=dflt;letterspace=0.0;letterspace=0;extend=1.0;mapping=tex-text;!
Missing character: There is no น in font Times New Roman/OT:script=latn;languag
e=dflt;letterspace=0.0;letterspace=0;extend=1.0;mapping=tex-text;!
Missing character: There is no ด in font Times New Roman/OT:script=latn;languag
e=dflt;letterspace=0.0;letterspace=0;extend=1.0;mapping=tex-text;!
Missing character: There is no ู in font Times New Roman/OT:script=latn;languag
e=dflt;letterspace=0.0;letterspace=0;extend=1.0;mapping=tex-text;!
Missing character: There is no ด in font Times New Roman/OT:script=latn;languag
e=dflt;letterspace=0.0;letterspace=0;extend=1.0;mapping=tex-text;!
Missing character: There is no ี in font Times New Roman/OT:script=latn;languag
e=dflt;letterspace=0.0;letterspace=0;extend=1.0;mapping=tex-text;!
Missing character: There is no ข in font Times New Roman/OT:script=latn;languag
e=dflt;letterspace=0.0;letterspace=0;extend=1.0;mapping=tex-text;!
Missing character: There is no ึ in font Times New Roman/OT:script=latn;languag
e=dflt;letterspace=0.0;letterspace=0;extend=1.0;mapping=tex-text;!
Missing character: There is no ้ in font Times New Roman/OT:script=latn;languag
e=dflt;letterspace=0.0;letterspace=0;extend=1.0;mapping=tex-text;!
Missing character: There is no น in font Times New Roman/OT:script=latn;languag
e=dflt;letterspace=0.0;letterspace=0;extend=1.0;mapping=tex-text;!
Missing character: There is no ไ in font Times New Roman/OT:script=latn;languag
e=dflt;letterspace=0.0;letterspace=0;extend=1.0;mapping=tex-text;!
Missing character: There is no ด in font Times New Roman/OT:script=latn;languag
e=dflt;letterspace=0.0;letterspace=0;extend=1.0;mapping=tex-text;!
Missing character: There is no ้ in font Times New Roman/OT:script=latn;languag
e=dflt;letterspace=0.0;letterspace=0;extend=1.0;mapping=tex-text;!
Missing character: There is no แ in font Times New Roman/OT:script=latn;languag
e=dflt;letterspace=0.0;letterspace=0;extend=1.0;mapping=tex-text;!
Missing character: There is no ล in font Times New Roman/OT:script=latn;languag
e=dflt;letterspace=0.0;letterspace=0;extend=1.0;mapping=tex-text;!
Missing character: There is no ะ in font Times New Roman/OT:script=latn;languag
e=dflt;letterspace=0.0;letterspace=0;extend=1.0;mapping=tex-text;!
Missing character: There is no น in font Times New Roman/OT:script=latn;languag
e=dflt;letterspace=0.0;letterspace=0;extend=1.0;mapping=tex-text;!
Missing character: There is no อ in font Times New Roman/OT:script=latn;languag
e=dflt;letterspace=0.0;letterspace=0;extend=1.0;mapping=tex-text;!
Missing character: There is no ก in font Times New Roman/OT:script=latn;languag
e=dflt;letterspace=0.0;letterspace=0;extend=1.0;mapping=tex-text;!
Missing character: There is no จ in font Times New Roman/OT:script=latn;languag
e=dflt;letterspace=0.0;letterspace=0;extend=1.0;mapping=tex-text;!
Missing character: There is no า in font Times New Roman/OT:script=latn;languag
e=dflt;letterspace=0.0;letterspace=0;extend=1.0;mapping=tex-text;!
Missing character: There is no ก in font Times New Roman/OT:script=latn;languag
e=dflt;letterspace=0.0;letterspace=0;extend=1.0;mapping=tex-text;!
Missing character: There is no น in font Times New Roman/OT:script=latn;languag
e=dflt;letterspace=0.0;letterspace=0;extend=1.0;mapping=tex-text;!
Missing character: There is no ี in font Times New Roman/OT:script=latn;languag
e=dflt;letterspace=0.0;letterspace=0;extend=1.0;mapping=tex-text;!
Missing character: There is no ้ in font Times New Roman/OT:script=latn;languag
e=dflt;letterspace=0.0;letterspace=0;extend=1.0;mapping=tex-text;!
Missing character: There is no โ in font Times New Roman/OT:script=latn;languag
e=dflt;letterspace=0.0;letterspace=0;extend=1.0;mapping=tex-text;!
Missing character: There is no ค in font Times New Roman/OT:script=latn;languag
e=dflt;letterspace=0.0;letterspace=0;extend=1.0;mapping=tex-text;!
Missing character: There is no ร in font Times New Roman/OT:script=latn;languag
e=dflt;letterspace=0.0;letterspace=0;extend=1.0;mapping=tex-text;!
Missing character: There is no ง in font Times New Roman/OT:script=latn;languag
e=dflt;letterspace=0.0;letterspace=0;extend=1.0;mapping=tex-text;!
Missing character: There is no ง in font Times New Roman/OT:script=latn;languag
e=dflt;letterspace=0.0;letterspace=0;extend=1.0;mapping=tex-text;!
Missing character: There is no า in font Times New Roman/OT:script=latn;languag
e=dflt;letterspace=0.0;letterspace=0;extend=1.0;mapping=tex-text;!
Missing character: There is no น in font Times New Roman/OT:script=latn;languag
e=dflt;letterspace=0.0;letterspace=0;extend=1.0;mapping=tex-text;!
Missing character: There is no น in font Times New Roman/OT:script=latn;languag
e=dflt;letterspace=0.0;letterspace=0;extend=1.0;mapping=tex-text;!
Missing character: There is no ี in font Times New Roman/OT:script=latn;languag
e=dflt;letterspace=0.0;letterspace=0;extend=1.0;mapping=tex-text;!
Missing character: There is no ้ in font Times New Roman/OT:script=latn;languag
e=dflt;letterspace=0.0;letterspace=0;extend=1.0;mapping=tex-text;!
Missing character: There is no ย in font Times New Roman/OT:script=latn;languag
e=dflt;letterspace=0.0;letterspace=0;extend=1.0;mapping=tex-text;!
Missing character: There is no ั in font Times New Roman/OT:script=latn;languag
e=dflt;letterspace=0.0;letterspace=0;extend=1.0;mapping=tex-text;!
Missing character: There is no ง in font Times New Roman/OT:script=latn;languag
e=dflt;letterspace=0.0;letterspace=0;extend=1.0;mapping=tex-text;!
Missing character: There is no ส in font Times New Roman/OT:script=latn;languag
e=dflt;letterspace=0.0;letterspace=0;extend=1.0;mapping=tex-text;!
Missing character: There is no า in font Times New Roman/OT:script=latn;languag
e=dflt;letterspace=0.0;letterspace=0;extend=1.0;mapping=tex-text;!
Missing character: There is no ม in font Times New Roman/OT:script=latn;languag
e=dflt;letterspace=0.0;letterspace=0;extend=1.0;mapping=tex-text;!
Missing character: There is no า in font Times New Roman/OT:script=latn;languag
e=dflt;letterspace=0.0;letterspace=0;extend=1.0;mapping=tex-text;!
Missing character: There is no ร in font Times New Roman/OT:script=latn;languag
e=dflt;letterspace=0.0;letterspace=0;extend=1.0;mapping=tex-text;!
Missing character: There is no ถ in font Times New Roman/OT:script=latn;languag
e=dflt;letterspace=0.0;letterspace=0;extend=1.0;mapping=tex-text;!
Missing character: There is no เ in font Times New Roman/OT:script=latn;languag
e=dflt;letterspace=0.0;letterspace=0;extend=1.0;mapping=tex-text;!
Missing character: There is no ป in font Times New Roman/OT:script=latn;languag
e=dflt;letterspace=0.0;letterspace=0;extend=1.0;mapping=tex-text;!
Missing character: There is no ็ in font Times New Roman/OT:script=latn;languag
e=dflt;letterspace=0.0;letterspace=0;extend=1.0;mapping=tex-text;!
Missing character: There is no น in font Times New Roman/OT:script=latn;languag
e=dflt;letterspace=0.0;letterspace=0;extend=1.0;mapping=tex-text;!
Missing character: There is no พ in font Times New Roman/OT:script=latn;languag
e=dflt;letterspace=0.0;letterspace=0;extend=1.0;mapping=tex-text;!
Missing character: There is no ื in font Times New Roman/OT:script=latn;languag
e=dflt;letterspace=0.0;letterspace=0;extend=1.0;mapping=tex-text;!
Missing character: There is no ้ in font Times New Roman/OT:script=latn;languag
e=dflt;letterspace=0.0;letterspace=0;extend=1.0;mapping=tex-text;!
Missing character: There is no น in font Times New Roman/OT:script=latn;languag
e=dflt;letterspace=0.0;letterspace=0;extend=1.0;mapping=tex-text;!
Missing character: There is no ฐ in font Times New Roman/OT:script=latn;languag
e=dflt;letterspace=0.0;letterspace=0;extend=1.0;mapping=tex-text;!
Missing character: There is no า in font Times New Roman/OT:script=latn;languag
e=dflt;letterspace=0.0;letterspace=0;extend=1.0;mapping=tex-text;!
Missing character: There is no น in font Times New Roman/OT:script=latn;languag
e=dflt;letterspace=0.0;letterspace=0;extend=1.0;mapping=tex-text;!
Missing character: There is no ใ in font Times New Roman/OT:script=latn;languag
e=dflt;letterspace=0.0;letterspace=0;extend=1.0;mapping=tex-text;!
Missing character: There is no ห in font Times New Roman/OT:script=latn;languag
e=dflt;letterspace=0.0;letterspace=0;extend=1.0;mapping=tex-text;!
Missing character: There is no ้ in font Times New Roman/OT:script=latn;languag
e=dflt;letterspace=0.0;letterspace=0;extend=1.0;mapping=tex-text;!
Missing character: There is no แ in font Times New Roman/OT:script=latn;languag
e=dflt;letterspace=0.0;letterspace=0;extend=1.0;mapping=tex-text;!
Missing character: There is no ก in font Times New Roman/OT:script=latn;languag
e=dflt;letterspace=0.0;letterspace=0;extend=1.0;mapping=tex-text;!
Missing character: There is no ่ in font Times New Roman/OT:script=latn;languag
e=dflt;letterspace=0.0;letterspace=0;extend=1.0;mapping=tex-text;!
Missing character: There is no ผ in font Times New Roman/OT:script=latn;languag
e=dflt;letterspace=0.0;letterspace=0;extend=1.0;mapping=tex-text;!
Missing character: There is no ู in font Times New Roman/OT:script=latn;languag
e=dflt;letterspace=0.0;letterspace=0;extend=1.0;mapping=tex-text;!
Missing character: There is no ้ in font Times New Roman/OT:script=latn;languag
e=dflt;letterspace=0.0;letterspace=0;extend=1.0;mapping=tex-text;!
Missing character: There is no ท in font Times New Roman/OT:script=latn;languag
e=dflt;letterspace=0.0;letterspace=0;extend=1.0;mapping=tex-text;!
Missing character: There is no ี in font Times New Roman/OT:script=latn;languag
e=dflt;letterspace=0.0;letterspace=0;extend=1.0;mapping=tex-text;!
Missing character: There is no ่ in font Times New Roman/OT:script=latn;languag
e=dflt;letterspace=0.0;letterspace=0;extend=1.0;mapping=tex-text;!
Missing character: There is no ส in font Times New Roman/OT:script=latn;languag
e=dflt;letterspace=0.0;letterspace=0;extend=1.0;mapping=tex-text;!
Missing character: There is no น in font Times New Roman/OT:script=latn;languag
e=dflt;letterspace=0.0;letterspace=0;extend=1.0;mapping=tex-text;!
Missing character: There is no ใ in font Times New Roman/OT:script=latn;languag
e=dflt;letterspace=0.0;letterspace=0;extend=1.0;mapping=tex-text;!
Missing character: There is no จ in font Times New Roman/OT:script=latn;languag
e=dflt;letterspace=0.0;letterspace=0;extend=1.0;mapping=tex-text;!
Missing character: There is no ใ in font Times New Roman/OT:script=latn;languag
e=dflt;letterspace=0.0;letterspace=0;extend=1.0;mapping=tex-text;!
Missing character: There is no น in font Times New Roman/OT:script=latn;languag
e=dflt;letterspace=0.0;letterspace=0;extend=1.0;mapping=tex-text;!
Missing character: There is no ก in font Times New Roman/OT:script=latn;languag
e=dflt;letterspace=0.0;letterspace=0;extend=1.0;mapping=tex-text;!
Missing character: There is no า in font Times New Roman/OT:script=latn;languag
e=dflt;letterspace=0.0;letterspace=0;extend=1.0;mapping=tex-text;!
Missing character: There is no ร in font Times New Roman/OT:script=latn;languag
e=dflt;letterspace=0.0;letterspace=0;extend=1.0;mapping=tex-text;!
Missing character: There is no ท in font Times New Roman/OT:script=latn;languag
e=dflt;letterspace=0.0;letterspace=0;extend=1.0;mapping=tex-text;!
Missing character: There is no ำ in font Times New Roman/OT:script=latn;languag
e=dflt;letterspace=0.0;letterspace=0;extend=1.0;mapping=tex-text;!
Missing character: There is no ท in font Times New Roman/OT:script=latn;languag
e=dflt;letterspace=0.0;letterspace=0;extend=1.0;mapping=tex-text;!
Missing character: There is no ี in font Times New Roman/OT:script=latn;languag
e=dflt;letterspace=0.0;letterspace=0;extend=1.0;mapping=tex-text;!
Missing character: There is no ่ in font Times New Roman/OT:script=latn;languag
e=dflt;letterspace=0.0;letterspace=0;extend=1.0;mapping=tex-text;!
Missing character: There is no เ in font Times New Roman/OT:script=latn;languag
e=dflt;letterspace=0.0;letterspace=0;extend=1.0;mapping=tex-text;!
Missing character: There is no ป in font Times New Roman/OT:script=latn;languag
e=dflt;letterspace=0.0;letterspace=0;extend=1.0;mapping=tex-text;!
Missing character: There is no ็ in font Times New Roman/OT:script=latn;languag
e=dflt;letterspace=0.0;letterspace=0;extend=1.0;mapping=tex-text;!
Missing character: There is no น in font Times New Roman/OT:script=latn;languag
e=dflt;letterspace=0.0;letterspace=0;extend=1.0;mapping=tex-text;!
Missing character: There is no ภ in font Times New Roman/OT:script=latn;languag
e=dflt;letterspace=0.0;letterspace=0;extend=1.0;mapping=tex-text;!
Missing character: There is no า in font Times New Roman/OT:script=latn;languag
e=dflt;letterspace=0.0;letterspace=0;extend=1.0;mapping=tex-text;!
Missing character: There is no ษ in font Times New Roman/OT:script=latn;languag
e=dflt;letterspace=0.0;letterspace=0;extend=1.0;mapping=tex-text;!
Missing character: There is no า in font Times New Roman/OT:script=latn;languag
e=dflt;letterspace=0.0;letterspace=0;extend=1.0;mapping=tex-text;!
Missing character: There is no ไ in font Times New Roman/OT:script=latn;languag
e=dflt;letterspace=0.0;letterspace=0;extend=1.0;mapping=tex-text;!
Missing character: There is no ท in font Times New Roman/OT:script=latn;languag
e=dflt;letterspace=0.0;letterspace=0;extend=1.0;mapping=tex-text;!
Missing character: There is no ย in font Times New Roman/OT:script=latn;languag
e=dflt;letterspace=0.0;letterspace=0;extend=1.0;mapping=tex-text;!
Missing character: There is no แ in font Times New Roman/OT:script=latn;languag
e=dflt;letterspace=0.0;letterspace=0;extend=1.0;mapping=tex-text;!
Missing character: There is no ล in font Times New Roman/OT:script=latn;languag
e=dflt;letterspace=0.0;letterspace=0;extend=1.0;mapping=tex-text;!
Missing character: There is no ะ in font Times New Roman/OT:script=latn;languag
e=dflt;letterspace=0.0;letterspace=0;extend=1.0;mapping=tex-text;!
Missing character: There is no น in font Times New Roman/OT:script=latn;languag
e=dflt;letterspace=0.0;letterspace=0;extend=1.0;mapping=tex-text;!
Missing character: There is no ำ in font Times New Roman/OT:script=latn;languag
e=dflt;letterspace=0.0;letterspace=0;extend=1.0;mapping=tex-text;!
Missing character: There is no ไ in font Times New Roman/OT:script=latn;languag
e=dflt;letterspace=0.0;letterspace=0;extend=1.0;mapping=tex-text;!
Missing character: There is no ป in font Times New Roman/OT:script=latn;languag
e=dflt;letterspace=0.0;letterspace=0;extend=1.0;mapping=tex-text;!
Missing character: There is no ป in font Times New Roman/OT:script=latn;languag
e=dflt;letterspace=0.0;letterspace=0;extend=1.0;mapping=tex-text;!
Missing character: There is no ร in font Times New Roman/OT:script=latn;languag
e=dflt;letterspace=0.0;letterspace=0;extend=1.0;mapping=tex-text;!
Missing character: There is no ะ in font Times New Roman/OT:script=latn;languag
e=dflt;letterspace=0.0;letterspace=0;extend=1.0;mapping=tex-text;!
Missing character: There is no ย in font Times New Roman/OT:script=latn;languag
e=dflt;letterspace=0.0;letterspace=0;extend=1.0;mapping=tex-text;!
Missing character: There is no ุ in font Times New Roman/OT:script=latn;languag
e=dflt;letterspace=0.0;letterspace=0;extend=1.0;mapping=tex-text;!
Missing character: There is no ก in font Times New Roman/OT:script=latn;languag
e=dflt;letterspace=0.0;letterspace=0;extend=1.0;mapping=tex-text;!
Missing character: There is no ต in font Times New Roman/OT:script=latn;languag
e=dflt;letterspace=0.0;letterspace=0;extend=1.0;mapping=tex-text;!
Missing character: There is no ์ in font Times New Roman/OT:script=latn;languag
e=dflt;letterspace=0.0;letterspace=0;extend=1.0;mapping=tex-text;!
Missing character: There is no ใ in font Times New Roman/OT:script=latn;languag
e=dflt;letterspace=0.0;letterspace=0;extend=1.0;mapping=tex-text;!
Missing character: There is no ช in font Times New Roman/OT:script=latn;languag
e=dflt;letterspace=0.0;letterspace=0;extend=1.0;mapping=tex-text;!
Missing character: There is no ้ in font Times New Roman/OT:script=latn;languag
e=dflt;letterspace=0.0;letterspace=0;extend=1.0;mapping=tex-text;!
Missing character: There is no ก in font Times New Roman/OT:script=latn;languag
e=dflt;letterspace=0.0;letterspace=0;extend=1.0;mapping=tex-text;!
Missing character: There is no ั in font Times New Roman/OT:script=latn;languag
e=dflt;letterspace=0.0;letterspace=0;extend=1.0;mapping=tex-text;!
Missing character: There is no บ in font Times New Roman/OT:script=latn;languag
e=dflt;letterspace=0.0;letterspace=0;extend=1.0;mapping=tex-text;!
Missing character: There is no ง in font Times New Roman/OT:script=latn;languag
e=dflt;letterspace=0.0;letterspace=0;extend=1.0;mapping=tex-text;!
Missing character: There is no า in font Times New Roman/OT:script=latn;languag
e=dflt;letterspace=0.0;letterspace=0;extend=1.0;mapping=tex-text;!
Missing character: There is no น in font Times New Roman/OT:script=latn;languag
e=dflt;letterspace=0.0;letterspace=0;extend=1.0;mapping=tex-text;!
Missing character: There is no ข in font Times New Roman/OT:script=latn;languag
e=dflt;letterspace=0.0;letterspace=0;extend=1.0;mapping=tex-text;!
Missing character: There is no อ in font Times New Roman/OT:script=latn;languag
e=dflt;letterspace=0.0;letterspace=0;extend=1.0;mapping=tex-text;!
Missing character: There is no ง in font Times New Roman/OT:script=latn;languag
e=dflt;letterspace=0.0;letterspace=0;extend=1.0;mapping=tex-text;!
Missing character: There is no ต in font Times New Roman/OT:script=latn;languag
e=dflt;letterspace=0.0;letterspace=0;extend=1.0;mapping=tex-text;!
Missing character: There is no น in font Times New Roman/OT:script=latn;languag
e=dflt;letterspace=0.0;letterspace=0;extend=1.0;mapping=tex-text;!
Missing character: There is no ไ in font Times New Roman/OT:script=latn;languag
e=dflt;letterspace=0.0;letterspace=0;extend=1.0;mapping=tex-text;!
Missing character: There is no ด in font Times New Roman/OT:script=latn;languag
e=dflt;letterspace=0.0;letterspace=0;extend=1.0;mapping=tex-text;!
Missing character: There is no ้ in font Times New Roman/OT:script=latn;languag
e=dflt;letterspace=0.0;letterspace=0;extend=1.0;mapping=tex-text;!
Missing character: There is no อ in font Times New Roman/OT:script=latn;languag
e=dflt;letterspace=0.0;letterspace=0;extend=1.0;mapping=tex-text;!
Missing character: There is no ี in font Times New Roman/OT:script=latn;languag
e=dflt;letterspace=0.0;letterspace=0;extend=1.0;mapping=tex-text;!
Missing character: There is no ก in font Times New Roman/OT:script=latn;languag
e=dflt;letterspace=0.0;letterspace=0;extend=1.0;mapping=tex-text;!
Missing character: There is no ด in font Times New Roman/OT:script=latn;languag
e=dflt;letterspace=0.0;letterspace=0;extend=1.0;mapping=tex-text;!
Missing character: There is no ้ in font Times New Roman/OT:script=latn;languag
e=dflt;letterspace=0.0;letterspace=0;extend=1.0;mapping=tex-text;!
Missing character: There is no ว in font Times New Roman/OT:script=latn;languag
e=dflt;letterspace=0.0;letterspace=0;extend=1.0;mapping=tex-text;!
Missing character: There is no ย in font Times New Roman/OT:script=latn;languag
e=dflt;letterspace=0.0;letterspace=0;extend=1.0;mapping=tex-text;!

Overfull \hbox (25.8364pt too wide) in paragraph at lines 184--185
\TU/TimesNewRoman(0)/m/n/10 term memory ซึ่ง ทาง คณะ ผู้ จัด ทำ ก็ จะ มี การ เป
รียบ เทียบ กับ สถาปัตยกรรม
 []

Missing character: There is no ค in font Times New Roman Bold/OT:script=latn;la
nguage=dflt;letterspace=0.0;letterspace=0;extend=1.0;mapping=tex-text;!
Missing character: There is no ำ in font Times New Roman Bold/OT:script=latn;la
nguage=dflt;letterspace=0.0;letterspace=0;extend=1.0;mapping=tex-text;!
Missing character: There is no ส in font Times New Roman Bold/OT:script=latn;la
nguage=dflt;letterspace=0.0;letterspace=0;extend=1.0;mapping=tex-text;!
Missing character: There is no ำ in font Times New Roman Bold/OT:script=latn;la
nguage=dflt;letterspace=0.0;letterspace=0;extend=1.0;mapping=tex-text;!
Missing character: There is no ค in font Times New Roman Bold/OT:script=latn;la
nguage=dflt;letterspace=0.0;letterspace=0;extend=1.0;mapping=tex-text;!
Missing character: There is no ั in font Times New Roman Bold/OT:script=latn;la
nguage=dflt;letterspace=0.0;letterspace=0;extend=1.0;mapping=tex-text;!
Missing character: There is no ญ in font Times New Roman Bold/OT:script=latn;la
nguage=dflt;letterspace=0.0;letterspace=0;extend=1.0;mapping=tex-text;!
Missing character: There is no ก in font Times New Roman/OT:script=latn;languag
e=dflt;letterspace=0.0;letterspace=0;extend=1.0;mapping=tex-text;!
Missing character: There is no า in font Times New Roman/OT:script=latn;languag
e=dflt;letterspace=0.0;letterspace=0;extend=1.0;mapping=tex-text;!
Missing character: There is no ร in font Times New Roman/OT:script=latn;languag
e=dflt;letterspace=0.0;letterspace=0;extend=1.0;mapping=tex-text;!
Missing character: There is no ช in font Times New Roman/OT:script=latn;languag
e=dflt;letterspace=0.0;letterspace=0;extend=1.0;mapping=tex-text;!
Missing character: There is no ุ in font Times New Roman/OT:script=latn;languag
e=dflt;letterspace=0.0;letterspace=0;extend=1.0;mapping=tex-text;!
Missing character: There is no บ in font Times New Roman/OT:script=latn;languag
e=dflt;letterspace=0.0;letterspace=0;extend=1.0;mapping=tex-text;!
Missing character: There is no เ in font Times New Roman/OT:script=latn;languag
e=dflt;letterspace=0.0;letterspace=0;extend=1.0;mapping=tex-text;!
Missing character: There is no ค in font Times New Roman/OT:script=latn;languag
e=dflt;letterspace=0.0;letterspace=0;extend=1.0;mapping=tex-text;!
Missing character: There is no ล in font Times New Roman/OT:script=latn;languag
e=dflt;letterspace=0.0;letterspace=0;extend=1.0;mapping=tex-text;!
Missing character: There is no ื in font Times New Roman/OT:script=latn;languag
e=dflt;letterspace=0.0;letterspace=0;extend=1.0;mapping=tex-text;!
Missing character: There is no อ in font Times New Roman/OT:script=latn;languag
e=dflt;letterspace=0.0;letterspace=0;extend=1.0;mapping=tex-text;!
Missing character: There is no บ in font Times New Roman/OT:script=latn;languag
e=dflt;letterspace=0.0;letterspace=0;extend=1.0;mapping=tex-text;!
Missing character: There is no ด in font Times New Roman/OT:script=latn;languag
e=dflt;letterspace=0.0;letterspace=0;extend=1.0;mapping=tex-text;!
Missing character: There is no ้ in font Times New Roman/OT:script=latn;languag
e=dflt;letterspace=0.0;letterspace=0;extend=1.0;mapping=tex-text;!
Missing character: There is no ว in font Times New Roman/OT:script=latn;languag
e=dflt;letterspace=0.0;letterspace=0;extend=1.0;mapping=tex-text;!
Missing character: There is no ย in font Times New Roman/OT:script=latn;languag
e=dflt;letterspace=0.0;letterspace=0;extend=1.0;mapping=tex-text;!
Missing character: There is no ไ in font Times New Roman/OT:script=latn;languag
e=dflt;letterspace=0.0;letterspace=0;extend=1.0;mapping=tex-text;!
Missing character: There is no ฟ in font Times New Roman/OT:script=latn;languag
e=dflt;letterspace=0.0;letterspace=0;extend=1.0;mapping=tex-text;!
Missing character: There is no ฟ in font Times New Roman/OT:script=latn;languag
e=dflt;letterspace=0.0;letterspace=0;extend=1.0;mapping=tex-text;!
Missing character: There is no ้ in font Times New Roman/OT:script=latn;languag
e=dflt;letterspace=0.0;letterspace=0;extend=1.0;mapping=tex-text;!
Missing character: There is no า in font Times New Roman/OT:script=latn;languag
e=dflt;letterspace=0.0;letterspace=0;extend=1.0;mapping=tex-text;!
Missing character: There is no ก in font Times New Roman/OT:script=latn;languag
e=dflt;letterspace=0.0;letterspace=0;extend=1.0;mapping=tex-text;!
Missing character: There is no า in font Times New Roman/OT:script=latn;languag
e=dflt;letterspace=0.0;letterspace=0;extend=1.0;mapping=tex-text;!
Missing character: There is no ร in font Times New Roman/OT:script=latn;languag
e=dflt;letterspace=0.0;letterspace=0;extend=1.0;mapping=tex-text;!
Missing character: There is no ช in font Times New Roman/OT:script=latn;languag
e=dflt;letterspace=0.0;letterspace=0;extend=1.0;mapping=tex-text;!
Missing character: There is no ุ in font Times New Roman/OT:script=latn;languag
e=dflt;letterspace=0.0;letterspace=0;extend=1.0;mapping=tex-text;!
Missing character: There is no บ in font Times New Roman/OT:script=latn;languag
e=dflt;letterspace=0.0;letterspace=0;extend=1.0;mapping=tex-text;!
Missing character: There is no เ in font Times New Roman/OT:script=latn;languag
e=dflt;letterspace=0.0;letterspace=0;extend=1.0;mapping=tex-text;!
Missing character: There is no ค in font Times New Roman/OT:script=latn;languag
e=dflt;letterspace=0.0;letterspace=0;extend=1.0;mapping=tex-text;!
Missing character: There is no ล in font Times New Roman/OT:script=latn;languag
e=dflt;letterspace=0.0;letterspace=0;extend=1.0;mapping=tex-text;!
Missing character: There is no ื in font Times New Roman/OT:script=latn;languag
e=dflt;letterspace=0.0;letterspace=0;extend=1.0;mapping=tex-text;!
Missing character: There is no อ in font Times New Roman/OT:script=latn;languag
e=dflt;letterspace=0.0;letterspace=0;extend=1.0;mapping=tex-text;!
Missing character: There is no บ in font Times New Roman/OT:script=latn;languag
e=dflt;letterspace=0.0;letterspace=0;extend=1.0;mapping=tex-text;!
Missing character: There is no ผ in font Times New Roman/OT:script=latn;languag
e=dflt;letterspace=0.0;letterspace=0;extend=1.0;mapping=tex-text;!
Missing character: There is no ิ in font Times New Roman/OT:script=latn;languag
e=dflt;letterspace=0.0;letterspace=0;extend=1.0;mapping=tex-text;!
Missing character: There is no ว in font Times New Roman/OT:script=latn;languag
e=dflt;letterspace=0.0;letterspace=0;extend=1.0;mapping=tex-text;!
Missing character: There is no เ in font Times New Roman/OT:script=latn;languag
e=dflt;letterspace=0.0;letterspace=0;extend=1.0;mapping=tex-text;!
Missing character: There is no ห in font Times New Roman/OT:script=latn;languag
e=dflt;letterspace=0.0;letterspace=0;extend=1.0;mapping=tex-text;!
Missing character: There is no ล in font Times New Roman/OT:script=latn;languag
e=dflt;letterspace=0.0;letterspace=0;extend=1.0;mapping=tex-text;!
Missing character: There is no ็ in font Times New Roman/OT:script=latn;languag
e=dflt;letterspace=0.0;letterspace=0;extend=1.0;mapping=tex-text;!
Missing character: There is no ก in font Times New Roman/OT:script=latn;languag
e=dflt;letterspace=0.0;letterspace=0;extend=1.0;mapping=tex-text;!
Missing character: There is no เ in font Times New Roman/OT:script=latn;languag
e=dflt;letterspace=0.0;letterspace=0;extend=1.0;mapping=tex-text;!
Missing character: There is no ค in font Times New Roman/OT:script=latn;languag
e=dflt;letterspace=0.0;letterspace=0;extend=1.0;mapping=tex-text;!
Missing character: There is no ล in font Times New Roman/OT:script=latn;languag
e=dflt;letterspace=0.0;letterspace=0;extend=1.0;mapping=tex-text;!
Missing character: There is no ื in font Times New Roman/OT:script=latn;languag
e=dflt;letterspace=0.0;letterspace=0;extend=1.0;mapping=tex-text;!
Missing character: There is no อ in font Times New Roman/OT:script=latn;languag
e=dflt;letterspace=0.0;letterspace=0;extend=1.0;mapping=tex-text;!
Missing character: There is no บ in font Times New Roman/OT:script=latn;languag
e=dflt;letterspace=0.0;letterspace=0;extend=1.0;mapping=tex-text;!
Missing character: There is no ผ in font Times New Roman/OT:script=latn;languag
e=dflt;letterspace=0.0;letterspace=0;extend=1.0;mapping=tex-text;!
Missing character: There is no ิ in font Times New Roman/OT:script=latn;languag
e=dflt;letterspace=0.0;letterspace=0;extend=1.0;mapping=tex-text;!
Missing character: There is no ว in font Times New Roman/OT:script=latn;languag
e=dflt;letterspace=0.0;letterspace=0;extend=1.0;mapping=tex-text;!
Missing character: There is no ร in font Times New Roman/OT:script=latn;languag
e=dflt;letterspace=0.0;letterspace=0;extend=1.0;mapping=tex-text;!
Missing character: There is no ั in font Times New Roman/OT:script=latn;languag
e=dflt;letterspace=0.0;letterspace=0;extend=1.0;mapping=tex-text;!
Missing character: There is no ง in font Times New Roman/OT:script=latn;languag
e=dflt;letterspace=0.0;letterspace=0;extend=1.0;mapping=tex-text;!
Missing character: There is no ส in font Times New Roman/OT:script=latn;languag
e=dflt;letterspace=0.0;letterspace=0;extend=1.0;mapping=tex-text;!
Missing character: There is no ี in font Times New Roman/OT:script=latn;languag
e=dflt;letterspace=0.0;letterspace=0;extend=1.0;mapping=tex-text;!

Underfull \hbox (badness 10000) in alignment at lines 187--191
[][] 
 []



[3]

[4]
LaTeX Font Info:    Font shape `TU/TimesNewRoman(0)/m/n' will be
(Font)              scaled to size 12.0pt on input line 200.
LaTeX Font Info:    Font shape `TU/TimesNewRoman(0)/b/n' will be
(Font)              scaled to size 12.0pt on input line 200.


[5

]
No file project_report.toc.
\tf@toc=\write4
\openout4 = `project_report.toc'.



[6

]
No file project_report.lot.
\tf@lot=\write5
\openout5 = `project_report.lot'.



[7

]
No file project_report.lof.
\tf@lof=\write6
\openout6 = `project_report.lof'.



[8

]
Overfull \hbox (12.98328pt too wide) in paragraph at lines 219--219
[]|\TU/TimesNewRoman(0)/b/n/10 SYMBOL| 
 []


Underfull \hbox (badness 10000) in paragraph at lines 221--222
[]|\TU/TimesNewRoman(0)/m/n/10 jobs/
 []


Underfull \hbox (badness 10000) in paragraph at lines 222--223
[]|\TU/TimesNewRoman(0)/m/n/10 jobs/
 []



[9

]
Underfull \hbox (badness 2799) in paragraph at lines 234--235
[]|\TU/TimesNewRoman(0)/m/n/10 Lorem ipsum dolor sit amet, consectetur adipisci
ng elit. Nullam non
 []


Overfull \hbox (2.96538pt too wide) in paragraph at lines 231--236
[]  
 []



[10

]
Chapter 1.

Package hyperref Warning: bookmark level for unknown chapterxx defaults to 0.


Package hyperref Warning: Token not allowed in a PDF string (Unicode):
(hyperref)                \kern -5.0pt
(hyperref)                removed on input line 245.

LaTeX Font Info:    Font shape `TU/TimesNewRoman(0)/b/n' will be
(Font)              scaled to size 14.0pt on input line 247.


[1

]

[2]

[3]
File: report_media/media/gantt/semester1.png Graphic file (type bmp)
<report_media/media/gantt/semester1.png>
File: report_media/media/gantt/semester2.png Graphic file (type bmp)
<report_media/media/gantt/semester2.png>


[4]

[5]
Chapter 2.

Package hyperref Warning: Token not allowed in a PDF string (Unicode):
(hyperref)                \kern -5.0pt
(hyperref)                removed on input line 539.

LaTeX Font Info:    Font shape `TU/TimesNewRoman(0)/b/n' will be
(Font)              scaled to size 13.0pt on input line 564.
File: report_media/media/image62.png Graphic file (type bmp)
<report_media/media/image62.png>


[6

]
File: report_media/media/image79.png Graphic file (type bmp)
<report_media/media/image79.png>


[7]
File: report_media/media/image23.png Graphic file (type bmp)
<report_media/media/image23.png>
File: report_media/media/image14.png Graphic file (type bmp)
<report_media/media/image14.png>

Overfull \hbox (6.29454pt too wide) in paragraph at lines 674--675
[][] 
 []



[8]
File: report_media/media/image90.png Graphic file (type bmp)
<report_media/media/image90.png>


[9]
File: report_media/media/image2.png Graphic file (type bmp)
<report_media/media/image2.png>


[10]
File: report_media/media/image52.png Graphic file (type bmp)
<report_media/media/image52.png>


[11]
File: report_media/media/image60.png Graphic file (type bmp)
<report_media/media/image60.png>

Overfull \hbox (19.33087pt too wide) in paragraph at lines 793--794
[][] 
 []

File: report_media/media/image58.png Graphic file (type bmp)
<report_media/media/image58.png>


[12]
Overfull \hbox (1.02657pt too wide) in paragraph at lines 844--849
[]\TU/TimesNewRoman(0)/m/n/10 With its global edge network, Cloudflare enhances
 both security and responsiveness, ensuring users experience
 []

File: report_media/media/image29.png Graphic file (type bmp)
<report_media/media/image29.png>

Overfull \hbox (45.45828pt too wide) in paragraph at lines 850--854
[][]|   []
 []


Overfull \hbox (44.99004pt too wide) in paragraph at lines 850--854
|   []   |   [] 
 []



[13]
File: report_media/media/image63.png Graphic file (type bmp)
<report_media/media/image63.png>

Overfull \hbox (19.34099pt too wide) in paragraph at lines 882--883
[][] 
 []



[14]
File: report_media/media/image73.png Graphic file (type bmp)
<report_media/media/image73.png>


[15]
File: report_media/media/image24.png Graphic file (type bmp)
<report_media/media/image24.png>


[16]
File: report_media/media/image46.png Graphic file (type bmp)
<report_media/media/image46.png>

Overfull \hbox (19.35982pt too wide) in paragraph at lines 971--972
[][] 
 []



[17]
File: report_media/media/image45.png Graphic file (type bmp)
<report_media/media/image45.png>

Overfull \hbox (19.572pt too wide) in paragraph at lines 998--999
[][] 
 []

File: report_media/media/image82.png Graphic file (type bmp)
<report_media/media/image82.png>


[18]
File: report_media/media/image38.png Graphic file (type bmp)
<report_media/media/image38.png>
File: report_media/media/image6.png Graphic file (type bmp)
<report_media/media/image6.png>

Overfull \hbox (19.35294pt too wide) in paragraph at lines 1078--1079
[][] 
 []



[19]
File: report_media/media/image18.jpg Graphic file (type bmp)
<report_media/media/image18.jpg>

Overfull \hbox (22.23235pt too wide) in paragraph at lines 1105--1106
[][] 
 []



[20]
File: report_media/media/image10.png Graphic file (type bmp)
<report_media/media/image10.png>

Overfull \hbox (19.32108pt too wide) in paragraph at lines 1145--1146
[][] 
 []


Overfull \hbox (363.408pt too wide) in paragraph at lines 1149--1150
|   []   |   [] 
 []


Overfull \hbox (15.51385pt too wide) in paragraph at lines 1163--1165
[]\TU/TimesNewRoman(0)/m/n/10 The KKP Better platform adopts CI/CD pipelines us
ing GitHub Actions, and Jenkins, each serving complementary
 []

File: report_media/media/image80.png Graphic file (type bmp)
<report_media/media/image80.png>


[21]
Overfull \hbox (1.52003pt too wide) in paragraph at lines 1193--1197
[]\TU/TimesNewRoman(0)/m/n/10 Cloud-Native principles emphasize building applic
ations that fully leverage cloud infrastructure for scalability,
 []


Overfull \hbox (1.27817pt too wide) in paragraph at lines 1200--1204
[]\TU/TimesNewRoman(0)/m/n/10 Containerization (Docker): Packages applications 
and dependencies into lightweight containers, ensuring
 []

File: report_media/media/image92.png Graphic file (type bmp)
<report_media/media/image92.png>

Overfull \hbox (343.8621pt too wide) in paragraph at lines 1221--1222
|   []   |   [] 
 []



[22]
File: report_media/media/image78.png Graphic file (type bmp)
<report_media/media/image78.png>

Overfull \hbox (8.65627pt too wide) in paragraph at lines 1250--1251
[][] 
 []



[23]
File: report_media/media/image26.png Graphic file (type bmp)
<report_media/media/image26.png>

Overfull \hbox (17.76836pt too wide) in paragraph at lines 1290--1291
|   []   |   [] 
 []


Overfull \hbox (3.64963pt too wide) in paragraph at lines 1292--1296
[]\TU/TimesNewRoman(0)/m/n/10 From the figure 2.24, the process shows how a pri
vate key encrypts and decrypts data to maintain confidentiality
 []

File: report_media/media/image64.png Graphic file (type bmp)
<report_media/media/image64.png>

Overfull \hbox (17.76836pt too wide) in paragraph at lines 1318--1319
|   []   |   [] 
 []



[24]
File: report_media/media/image94.png Graphic file (type bmp)
<report_media/media/image94.png>

Overfull \hbox (45.2303pt too wide) in paragraph at lines 1340--1341
[][] 
 []

File: report_media/media/image11.png Graphic file (type bmp)
<report_media/media/image11.png>


[25]
File: report_media/media/image43.png Graphic file (type bmp)
<report_media/media/image43.png>


[26]
File: report_media/media/image61.png Graphic file (type bmp)
<report_media/media/image61.png>
File: report_media/media/image5.png Graphic file (type bmp)
<report_media/media/image5.png>


[27]
File: report_media/media/image7.png Graphic file (type bmp)
<report_media/media/image7.png>


[28]
Overfull \hbox (40.89336pt too wide) in paragraph at lines 1469--1470
|   []   |   [] 
 []

File: report_media/media/image36.png Graphic file (type bmp)
<report_media/media/image36.png>

Overfull \hbox (0.42241pt too wide) in paragraph at lines 1488--1489
[][] 
 []



[29]
Overfull \hbox (987.10918pt too wide) in paragraph at lines 1492--1493
|   []   |   [] 
 []


Overfull \hbox (5.30406pt too wide) in paragraph at lines 1500--1510
[]\TU/TimesNewRoman(0)/m/n/10 Krungsri Mobile App (KMA) provides customers with
 access to core banking services, credit card management,
 []

File: report_media/media/image66.png Graphic file (type bmp)
<report_media/media/image66.png>

Overfull \hbox (157.15312pt too wide) in paragraph at lines 1515--1516
|   []   |   [] 
 []



[30]
Underfull \hbox (badness 10000) in paragraph at lines 1521--1521

 []


Package hyperref Warning: Token not allowed in a PDF string (Unicode):
(hyperref)                removing `\\' on input line 1521.

Missing character: There is no ✔ in font Times New Roman/OT:script=latn;languag
e=dflt;letterspace=0.0;letterspace=0;extend=1.0;mapping=tex-text;!
Missing character: There is no ️ in font Times New Roman/OT:script=latn;languag
e=dflt;letterspace=0.0;letterspace=0;extend=1.0;mapping=tex-text;!
Missing character: There is no ✔ in font Times New Roman/OT:script=latn;languag
e=dflt;letterspace=0.0;letterspace=0;extend=1.0;mapping=tex-text;!
Missing character: There is no ️ in font Times New Roman/OT:script=latn;languag
e=dflt;letterspace=0.0;letterspace=0;extend=1.0;mapping=tex-text;!
Missing character: There is no ✖ in font Times New Roman/OT:script=latn;languag
e=dflt;letterspace=0.0;letterspace=0;extend=1.0;mapping=tex-text;!
Missing character: There is no ️ in font Times New Roman/OT:script=latn;languag
e=dflt;letterspace=0.0;letterspace=0;extend=1.0;mapping=tex-text;!
Missing character: There is no ✖ in font Times New Roman/OT:script=latn;languag
e=dflt;letterspace=0.0;letterspace=0;extend=1.0;mapping=tex-text;!
Missing character: There is no ️ in font Times New Roman/OT:script=latn;languag
e=dflt;letterspace=0.0;letterspace=0;extend=1.0;mapping=tex-text;!
Missing character: There is no ✔ in font Times New Roman/OT:script=latn;languag
e=dflt;letterspace=0.0;letterspace=0;extend=1.0;mapping=tex-text;!
Missing character: There is no ️ in font Times New Roman/OT:script=latn;languag
e=dflt;letterspace=0.0;letterspace=0;extend=1.0;mapping=tex-text;!
Missing character: There is no ✔ in font Times New Roman/OT:script=latn;languag
e=dflt;letterspace=0.0;letterspace=0;extend=1.0;mapping=tex-text;!
Missing character: There is no ️ in font Times New Roman/OT:script=latn;languag
e=dflt;letterspace=0.0;letterspace=0;extend=1.0;mapping=tex-text;!
Missing character: There is no ✖ in font Times New Roman/OT:script=latn;languag
e=dflt;letterspace=0.0;letterspace=0;extend=1.0;mapping=tex-text;!
Missing character: There is no ️ in font Times New Roman/OT:script=latn;languag
e=dflt;letterspace=0.0;letterspace=0;extend=1.0;mapping=tex-text;!
Missing character: There is no ✖ in font Times New Roman/OT:script=latn;languag
e=dflt;letterspace=0.0;letterspace=0;extend=1.0;mapping=tex-text;!
Missing character: There is no ️ in font Times New Roman/OT:script=latn;languag
e=dflt;letterspace=0.0;letterspace=0;extend=1.0;mapping=tex-text;!
Missing character: There is no ✖ in font Times New Roman/OT:script=latn;languag
e=dflt;letterspace=0.0;letterspace=0;extend=1.0;mapping=tex-text;!
Missing character: There is no ️ in font Times New Roman/OT:script=latn;languag
e=dflt;letterspace=0.0;letterspace=0;extend=1.0;mapping=tex-text;!
Missing character: There is no ✔ in font Times New Roman/OT:script=latn;languag
e=dflt;letterspace=0.0;letterspace=0;extend=1.0;mapping=tex-text;!
Missing character: There is no ️ in font Times New Roman/OT:script=latn;languag
e=dflt;letterspace=0.0;letterspace=0;extend=1.0;mapping=tex-text;!
Missing character: There is no ✖ in font Times New Roman/OT:script=latn;languag
e=dflt;letterspace=0.0;letterspace=0;extend=1.0;mapping=tex-text;!
Missing character: There is no ️ in font Times New Roman/OT:script=latn;languag
e=dflt;letterspace=0.0;letterspace=0;extend=1.0;mapping=tex-text;!
Missing character: There is no ✔ in font Times New Roman/OT:script=latn;languag
e=dflt;letterspace=0.0;letterspace=0;extend=1.0;mapping=tex-text;!
Missing character: There is no ️ in font Times New Roman/OT:script=latn;languag
e=dflt;letterspace=0.0;letterspace=0;extend=1.0;mapping=tex-text;!
Missing character: There is no ✖ in font Times New Roman/OT:script=latn;languag
e=dflt;letterspace=0.0;letterspace=0;extend=1.0;mapping=tex-text;!
Missing character: There is no ️ in font Times New Roman/OT:script=latn;languag
e=dflt;letterspace=0.0;letterspace=0;extend=1.0;mapping=tex-text;!
Missing character: There is no ✖ in font Times New Roman/OT:script=latn;languag
e=dflt;letterspace=0.0;letterspace=0;extend=1.0;mapping=tex-text;!
Missing character: There is no ️ in font Times New Roman/OT:script=latn;languag
e=dflt;letterspace=0.0;letterspace=0;extend=1.0;mapping=tex-text;!
Missing character: There is no ✖ in font Times New Roman/OT:script=latn;languag
e=dflt;letterspace=0.0;letterspace=0;extend=1.0;mapping=tex-text;!
Missing character: There is no ️ in font Times New Roman/OT:script=latn;languag
e=dflt;letterspace=0.0;letterspace=0;extend=1.0;mapping=tex-text;!
Missing character: There is no ✖ in font Times New Roman/OT:script=latn;languag
e=dflt;letterspace=0.0;letterspace=0;extend=1.0;mapping=tex-text;!
Missing character: There is no ️ in font Times New Roman/OT:script=latn;languag
e=dflt;letterspace=0.0;letterspace=0;extend=1.0;mapping=tex-text;!
Missing character: There is no ✖ in font Times New Roman/OT:script=latn;languag
e=dflt;letterspace=0.0;letterspace=0;extend=1.0;mapping=tex-text;!
Missing character: There is no ️ in font Times New Roman/OT:script=latn;languag
e=dflt;letterspace=0.0;letterspace=0;extend=1.0;mapping=tex-text;!
Missing character: There is no ✖ in font Times New Roman/OT:script=latn;languag
e=dflt;letterspace=0.0;letterspace=0;extend=1.0;mapping=tex-text;!
Missing character: There is no ️ in font Times New Roman/OT:script=latn;languag
e=dflt;letterspace=0.0;letterspace=0;extend=1.0;mapping=tex-text;!
Missing character: There is no ✖ in font Times New Roman/OT:script=latn;languag
e=dflt;letterspace=0.0;letterspace=0;extend=1.0;mapping=tex-text;!
Missing character: There is no ️ in font Times New Roman/OT:script=latn;languag
e=dflt;letterspace=0.0;letterspace=0;extend=1.0;mapping=tex-text;!
Missing character: There is no ✔ in font Times New Roman/OT:script=latn;languag
e=dflt;letterspace=0.0;letterspace=0;extend=1.0;mapping=tex-text;!
Missing character: There is no ️ in font Times New Roman/OT:script=latn;languag
e=dflt;letterspace=0.0;letterspace=0;extend=1.0;mapping=tex-text;!
Missing character: There is no ✔ in font Times New Roman/OT:script=latn;languag
e=dflt;letterspace=0.0;letterspace=0;extend=1.0;mapping=tex-text;!
Missing character: There is no ️ in font Times New Roman/OT:script=latn;languag
e=dflt;letterspace=0.0;letterspace=0;extend=1.0;mapping=tex-text;!
Missing character: There is no ✔ in font Times New Roman/OT:script=latn;languag
e=dflt;letterspace=0.0;letterspace=0;extend=1.0;mapping=tex-text;!
Missing character: There is no ️ in font Times New Roman/OT:script=latn;languag
e=dflt;letterspace=0.0;letterspace=0;extend=1.0;mapping=tex-text;!
Missing character: There is no ✔ in font Times New Roman/OT:script=latn;languag
e=dflt;letterspace=0.0;letterspace=0;extend=1.0;mapping=tex-text;!
Missing character: There is no ️ in font Times New Roman/OT:script=latn;languag
e=dflt;letterspace=0.0;letterspace=0;extend=1.0;mapping=tex-text;!
Missing character: There is no ✔ in font Times New Roman/OT:script=latn;languag
e=dflt;letterspace=0.0;letterspace=0;extend=1.0;mapping=tex-text;!
Missing character: There is no ️ in font Times New Roman/OT:script=latn;languag
e=dflt;letterspace=0.0;letterspace=0;extend=1.0;mapping=tex-text;!
Missing character: There is no ✔ in font Times New Roman/OT:script=latn;languag
e=dflt;letterspace=0.0;letterspace=0;extend=1.0;mapping=tex-text;!
Missing character: There is no ️ in font Times New Roman/OT:script=latn;languag
e=dflt;letterspace=0.0;letterspace=0;extend=1.0;mapping=tex-text;!
Missing character: There is no ✔ in font Times New Roman/OT:script=latn;languag
e=dflt;letterspace=0.0;letterspace=0;extend=1.0;mapping=tex-text;!
Missing character: There is no ️ in font Times New Roman/OT:script=latn;languag
e=dflt;letterspace=0.0;letterspace=0;extend=1.0;mapping=tex-text;!
Missing character: There is no ✔ in font Times New Roman/OT:script=latn;languag
e=dflt;letterspace=0.0;letterspace=0;extend=1.0;mapping=tex-text;!
Missing character: There is no ️ in font Times New Roman/OT:script=latn;languag
e=dflt;letterspace=0.0;letterspace=0;extend=1.0;mapping=tex-text;!
Missing character: There is no ✔ in font Times New Roman/OT:script=latn;languag
e=dflt;letterspace=0.0;letterspace=0;extend=1.0;mapping=tex-text;!
Missing character: There is no ️ in font Times New Roman/OT:script=latn;languag
e=dflt;letterspace=0.0;letterspace=0;extend=1.0;mapping=tex-text;!
Missing character: There is no ✔ in font Times New Roman/OT:script=latn;languag
e=dflt;letterspace=0.0;letterspace=0;extend=1.0;mapping=tex-text;!
Missing character: There is no ️ in font Times New Roman/OT:script=latn;languag
e=dflt;letterspace=0.0;letterspace=0;extend=1.0;mapping=tex-text;!
Missing character: There is no ✔ in font Times New Roman/OT:script=latn;languag
e=dflt;letterspace=0.0;letterspace=0;extend=1.0;mapping=tex-text;!
Missing character: There is no ️ in font Times New Roman/OT:script=latn;languag
e=dflt;letterspace=0.0;letterspace=0;extend=1.0;mapping=tex-text;!
Missing character: There is no ✔ in font Times New Roman/OT:script=latn;languag
e=dflt;letterspace=0.0;letterspace=0;extend=1.0;mapping=tex-text;!
Missing character: There is no ️ in font Times New Roman/OT:script=latn;languag
e=dflt;letterspace=0.0;letterspace=0;extend=1.0;mapping=tex-text;!
Missing character: There is no ✔ in font Times New Roman/OT:script=latn;languag
e=dflt;letterspace=0.0;letterspace=0;extend=1.0;mapping=tex-text;!
Missing character: There is no ️ in font Times New Roman/OT:script=latn;languag
e=dflt;letterspace=0.0;letterspace=0;extend=1.0;mapping=tex-text;!
Missing character: There is no ✔ in font Times New Roman/OT:script=latn;languag
e=dflt;letterspace=0.0;letterspace=0;extend=1.0;mapping=tex-text;!
Missing character: There is no ️ in font Times New Roman/OT:script=latn;languag
e=dflt;letterspace=0.0;letterspace=0;extend=1.0;mapping=tex-text;!
Missing character: There is no ✔ in font Times New Roman/OT:script=latn;languag
e=dflt;letterspace=0.0;letterspace=0;extend=1.0;mapping=tex-text;!
Missing character: There is no ️ in font Times New Roman/OT:script=latn;languag
e=dflt;letterspace=0.0;letterspace=0;extend=1.0;mapping=tex-text;!
Missing character: There is no ✔ in font Times New Roman/OT:script=latn;languag
e=dflt;letterspace=0.0;letterspace=0;extend=1.0;mapping=tex-text;!
Missing character: There is no ️ in font Times New Roman/OT:script=latn;languag
e=dflt;letterspace=0.0;letterspace=0;extend=1.0;mapping=tex-text;!
Missing character: There is no ✔ in font Times New Roman/OT:script=latn;languag
e=dflt;letterspace=0.0;letterspace=0;extend=1.0;mapping=tex-text;!
Missing character: There is no ️ in font Times New Roman/OT:script=latn;languag
e=dflt;letterspace=0.0;letterspace=0;extend=1.0;mapping=tex-text;!
Missing character: There is no ✔ in font Times New Roman/OT:script=latn;languag
e=dflt;letterspace=0.0;letterspace=0;extend=1.0;mapping=tex-text;!
Missing character: There is no ️ in font Times New Roman/OT:script=latn;languag
e=dflt;letterspace=0.0;letterspace=0;extend=1.0;mapping=tex-text;!
Missing character: There is no ✔ in font Times New Roman/OT:script=latn;languag
e=dflt;letterspace=0.0;letterspace=0;extend=1.0;mapping=tex-text;!
Missing character: There is no ️ in font Times New Roman/OT:script=latn;languag
e=dflt;letterspace=0.0;letterspace=0;extend=1.0;mapping=tex-text;!
Missing character: There is no ✔ in font Times New Roman/OT:script=latn;languag
e=dflt;letterspace=0.0;letterspace=0;extend=1.0;mapping=tex-text;!
Missing character: There is no ️ in font Times New Roman/OT:script=latn;languag
e=dflt;letterspace=0.0;letterspace=0;extend=1.0;mapping=tex-text;!
Missing character: There is no ✔ in font Times New Roman/OT:script=latn;languag
e=dflt;letterspace=0.0;letterspace=0;extend=1.0;mapping=tex-text;!
Missing character: There is no ️ in font Times New Roman/OT:script=latn;languag
e=dflt;letterspace=0.0;letterspace=0;extend=1.0;mapping=tex-text;!

Underfull \hbox (badness 10000) in paragraph at lines 1670--1671

 []



[31]
Chapter 3.

Package hyperref Warning: Token not allowed in a PDF string (Unicode):
(hyperref)                \kern -5.0pt
(hyperref)                removed on input line 1673.



[32

]
File: report_media/media/image31.png Graphic file (type bmp)
<report_media/media/image31.png>

Overfull \hbox (19.3431pt too wide) in paragraph at lines 1776--1777
[][] 
 []



[33]

[34]
Overfull \hbox (4.58383pt too wide) in paragraph at lines 1953--1956
[]\TU/TimesNewRoman(0)/b/n/10 Monitoring: \TU/TimesNewRoman(0)/m/n/10 Dynatrace
 provides service-level performance insights, while Grafana visualizes operatio
nal
 []

File: report_media/media/image37.png Graphic file (type bmp)
<report_media/media/image37.png>

Overfull \hbox (40.86526pt too wide) in paragraph at lines 1961--1963
[][]|   []
 []



[35]
File: report_media/media/image71.png Graphic file (type bmp)
<report_media/media/image71.png>

Overfull \hbox (37.46341pt too wide) in paragraph at lines 1964--1966
[][]|   []
 []

File: report_media/media/image76.png Graphic file (type bmp)
<report_media/media/image76.png>

Overfull \hbox (37.31787pt too wide) in paragraph at lines 1976--1978
[][]|   []
 []



[36]
File: report_media/media/image4.png Graphic file (type bmp)
<report_media/media/image4.png>

Overfull \hbox (19.33769pt too wide) in paragraph at lines 2004--2005
[][] 
 []



[37]
File: report_media/media/image86.png Graphic file (type bmp)
<report_media/media/image86.png>

Overfull \hbox (19.34312pt too wide) in paragraph at lines 2008--2009
[][] 
 []


Overfull \hbox (2.13333pt too wide) in paragraph at lines 2023--2029
[]\TU/TimesNewRoman(0)/m/n/10 Before development began, we focused on understan
ding the existing system architecture, mobile development
 []



[38]
File: report_media/media/image84.png Graphic file (type bmp)
<report_media/media/image84.png>

Overfull \hbox (45.45056pt too wide) in paragraph at lines 2036--2038
[][]|   []
 []

File: report_media/media/image68.png Graphic file (type bmp)
<report_media/media/image68.png>

Overfull \hbox (45.46085pt too wide) in paragraph at lines 2074--2076
[][]|   []
 []

File: report_media/media/image15.png Graphic file (type bmp)
<report_media/media/image15.png>

Overfull \hbox (73.09879pt too wide) in paragraph at lines 2093--2095
[][]|   []
 []



[39]
File: report_media/media/image34.png Graphic file (type bmp)
<report_media/media/image34.png>

Overfull \hbox (19.33087pt too wide) in paragraph at lines 2138--2139
[][] 
 []



[40]
File: report_media/media/image51.png Graphic file (type bmp)
<report_media/media/image51.png>

Overfull \hbox (19.33087pt too wide) in paragraph at lines 2142--2143
[][] 
 []

File: report_media/media/image95.png Graphic file (type bmp)
<report_media/media/image95.png>

Overfull \hbox (19.33087pt too wide) in paragraph at lines 2146--2147
[][] 
 []



[41]
File: report_media/media/image41.png Graphic file (type bmp)
<report_media/media/image41.png>

Overfull \hbox (19.34651pt too wide) in paragraph at lines 2175--2176
[][] 
 []



[42]
File: report_media/media/image30.png Graphic file (type bmp)
<report_media/media/image30.png>

Overfull \hbox (19.3397pt too wide) in paragraph at lines 2208--2209
[][] 
 []

File: report_media/media/image59.png Graphic file (type bmp)
<report_media/media/image59.png>

Overfull \hbox (19.33482pt too wide) in paragraph at lines 2210--2211
[][] 
 []

File: report_media/media/image54.png Graphic file (type bmp)
<report_media/media/image54.png>

Overfull \hbox (19.35095pt too wide) in paragraph at lines 2212--2213
[][] 
 []

File: report_media/media/image88.png Graphic file (type bmp)
<report_media/media/image88.png>

Overfull \hbox (45.46332pt too wide) in paragraph at lines 2242--2244
[][]|   []
 []



[43]
File: report_media/media/image49.png Graphic file (type bmp)
<report_media/media/image49.png>

Overfull \hbox (19.33087pt too wide) in paragraph at lines 2275--2276
[][] 
 []



[44]
File: report_media/media/image9.png Graphic file (type bmp)
<report_media/media/image9.png>

Overfull \hbox (19.34851pt too wide) in paragraph at lines 2303--2307
[] 
 []


Underfull \hbox (badness 10000) in paragraph at lines 2313--2314

 []



[45]
Underfull \hbox (badness 10000) in paragraph at lines 2336--2337

 []

File: report_media/media/image33.png Graphic file (type bmp)
<report_media/media/image33.png>

Overfull \hbox (45.45961pt too wide) in paragraph at lines 2391--2393
[][]|   []
 []



[46]
File: report_media/media/image89.png Graphic file (type bmp)
<report_media/media/image89.png>

Overfull \hbox (2.52399pt too wide) in paragraph at lines 2406--2407
[][] 
 []

File: report_media/media/image42.png Graphic file (type bmp)
<report_media/media/image42.png>

Overfull \hbox (19.33087pt too wide) in paragraph at lines 2438--2439
[][] 
 []



[47]

[48]
File: report_media/media/image50.png Graphic file (type bmp)
<report_media/media/image50.png>

Overfull \hbox (19.34851pt too wide) in paragraph at lines 2580--2581
[][] 
 []



[49]
File: report_media/media/image39.png Graphic file (type bmp)
<report_media/media/image39.png>

Overfull \hbox (45.68344pt too wide) in paragraph at lines 2629--2631
[][]|   []
 []



[50]
File: report_media/media/image20.png Graphic file (type bmp)
<report_media/media/image20.png>

Overfull \hbox (14.68451pt too wide) in paragraph at lines 2653--2654
[][] 
 []

File: report_media/media/image93.png Graphic file (type bmp)
<report_media/media/image93.png>

Overfull \hbox (45.46364pt too wide) in paragraph at lines 2687--2689
[][]|   []
 []



[51]
File: report_media/media/image69.png Graphic file (type bmp)
<report_media/media/image69.png>

Overfull \hbox (45.44984pt too wide) in paragraph at lines 2690--2692
[][]|   []
 []

File: report_media/media/image35.png Graphic file (type bmp)
<report_media/media/image35.png>

Overfull \hbox (45.44984pt too wide) in paragraph at lines 2693--2695
[][]|   []
 []



[52]
File: report_media/media/image47.png Graphic file (type bmp)
<report_media/media/image47.png>

Overfull \hbox (45.44984pt too wide) in paragraph at lines 2696--2698
[][]|   []
 []

File: report_media/media/image87.png Graphic file (type bmp)
<report_media/media/image87.png>

Overfull \hbox (45.44984pt too wide) in paragraph at lines 2699--2701
[][]|   []
 []



[53]
File: report_media/media/image75.png Graphic file (type bmp)
<report_media/media/image75.png>

Overfull \hbox (19.35312pt too wide) in paragraph at lines 2731--2732
[][] 
 []

File: report_media/media/image17.png Graphic file (type bmp)
<report_media/media/image17.png>
File: report_media/media/image1.png Graphic file (type bmp)
<report_media/media/image1.png>
File: report_media/media/image44.png Graphic file (type bmp)
<report_media/media/image44.png>

Overfull \hbox (925.28758pt too wide) in paragraph at lines 2733--2734
[][][][] 
 []



[54]
File: report_media/media/image56.png Graphic file (type bmp)
<report_media/media/image56.png>
File: report_media/media/image25.png Graphic file (type bmp)
<report_media/media/image25.png>

Overfull \hbox (23.7254pt too wide) in paragraph at lines 2812--2814
[][]
 []


Underfull \hbox (badness 10000) in paragraph at lines 2812--2814

 []


Overfull \hbox (19.33939pt too wide) in paragraph at lines 2812--2814
[] 
 []



[55]
File: report_media/media/image83.png Graphic file (type bmp)
<report_media/media/image83.png>
File: report_media/media/image19.png Graphic file (type bmp)
<report_media/media/image19.png>

Overfull \hbox (472.32623pt too wide) in paragraph at lines 2815--2816
[][][] 
 []



[56]
Overfull \hbox (2.92792pt too wide) in paragraph at lines 2858--2861
[]\TU/TimesNewRoman(0)/m/n/10 Issues identified in the transaction summary and 
success screens primarily centered on maintaining
 []

File: report_media/media/image65.png Graphic file (type bmp)
<report_media/media/image65.png>

Overfull \hbox (45.45699pt too wide) in paragraph at lines 2888--2890
[][]|   []
 []



[57]
Overfull \hbox (5.42305pt too wide) in paragraph at lines 2910--2913
[]\TU/TimesNewRoman(0)/m/n/10 This flow ensures that users complete all require
d steps for fund allocation while preventing invalid transactions,
 []

File: report_media/media/image57.jpg Graphic file (type bmp)
<report_media/media/image57.jpg>

Overfull \hbox (54.33772pt too wide) in paragraph at lines 2916--2918
[][]|   []
 []



[58]
Overfull \hbox (0.73738pt too wide) in paragraph at lines 2953--2961
\TU/TimesNewRoman(0)/m/n/10 services more conveniently. By integrating currency
 selection, exchange functionality, and digital onboarding.
 []

File: report_media/media/image13.png Graphic file (type bmp)
<report_media/media/image13.png>

Overfull \hbox (45.44984pt too wide) in paragraph at lines 2962--2964
[][]|   []
 []

File: report_media/media/image12.png Graphic file (type bmp)
<report_media/media/image12.png>

Overfull \hbox (45.44984pt too wide) in paragraph at lines 2965--2967
[][]|   []
 []



[59]
File: report_media/media/image91.png Graphic file (type bmp)
<report_media/media/image91.png>

Overfull \hbox (45.44984pt too wide) in paragraph at lines 2968--2970
[][]|   []
 []

File: report_media/media/image28.png Graphic file (type bmp)
<report_media/media/image28.png>

Overfull \hbox (45.4527pt too wide) in paragraph at lines 2971--2973
[][]|   []
 []



[60]
File: report_media/media/image16.png Graphic file (type bmp)
<report_media/media/image16.png>

Overfull \hbox (45.44984pt too wide) in paragraph at lines 2974--2976
[][]|   []
 []


Overfull \hbox (3.49026pt too wide) in paragraph at lines 2979--2988
[]\TU/TimesNewRoman(0)/m/n/10 The development of the Ultimate FCD feature invol
ved a series of tasks focused on designing and implementing
 []



[61]
File: report_media/media/image70.png Graphic file (type bmp)
<report_media/media/image70.png>
File: report_media/media/image55.png Graphic file (type bmp)
<report_media/media/image55.png>
File: report_media/media/image22.png Graphic file (type bmp)
<report_media/media/image22.png>

Overfull \hbox (953.98647pt too wide) in paragraph at lines 3010--3012
[][][][]|   []
 []


Underfull \hbox (badness 10000) in paragraph at lines 3016--3017

 []


Underfull \hbox (badness 10000) in paragraph at lines 3048--3049

 []



[62]
File: report_media/media/image27.png Graphic file (type bmp)
<report_media/media/image27.png>
File: report_media/media/image3.png Graphic file (type bmp)
<report_media/media/image3.png>

Overfull \hbox (498.43266pt too wide) in paragraph at lines 3087--3089
[][][]|   []
 []

File: report_media/media/image48.png Graphic file (type bmp)
<report_media/media/image48.png>

Overfull \hbox (45.67604pt too wide) in paragraph at lines 3107--3109
[][]|   []
 []



[63]
File: report_media/media/image72.png Graphic file (type bmp)
<report_media/media/image72.png>

Overfull \hbox (45.68466pt too wide) in paragraph at lines 3133--3135
[][]|   []
 []

File: report_media/media/image32.png Graphic file (type bmp)
<report_media/media/image32.png>

Overfull \hbox (45.43623pt too wide) in paragraph at lines 3161--3163
[][]|   []
 []



[64]

[65]

[66]
Underfull \hbox (badness 10000) in paragraph at lines 3302--3303

 []



[67]
Chapter 4.

Package hyperref Warning: Token not allowed in a PDF string (Unicode):
(hyperref)                \kern -5.0pt
(hyperref)                removed on input line 3305.


Overfull \hbox (22.42683pt too wide) in paragraph at lines 3309--3314
\TU/TimesNewRoman(0)/m/n/10 methodology. This structure supports iterative deve
lopment, continuous delivery, and rapid feature implementation. 
 []


Overfull \hbox (12.45982pt too wide) in paragraph at lines 3334--3339
[]\TU/TimesNewRoman(0)/b/n/10 Frontend Engineer (2 people): \TU/TimesNewRoman(0
)/m/n/10 Focus on the cross-platform mobile application using Flutter, implemen
ting
 []



[68

]

[69]
File: report_media/media/image53.png Graphic file (type bmp)
<report_media/media/image53.png>

Overfull \hbox (35.31932pt too wide) in paragraph at lines 3473--3474
[][] 
 []

File: report_media/media/image96.png Graphic file (type bmp)
<report_media/media/image96.png>

Overfull \hbox (28.55278pt too wide) in paragraph at lines 3475--3476
[][] 
 []



[70]
File: report_media/media/image4.png Graphic file (type bmp)
<report_media/media/image4.png>

Overfull \hbox (19.33769pt too wide) in paragraph at lines 3508--3509
[][] 
 []


Overfull \hbox (13.68509pt too wide) in paragraph at lines 3524--3529
[]\TU/TimesNewRoman(0)/m/n/10 On the backend, Golang-based microservices handle
 request validation, session management, and communication
 []

File: report_media/media/image77.png Graphic file (type bmp)
<report_media/media/image77.png>

Overfull \hbox (362.6318pt too wide) in paragraph at lines 3530--3534
\TU/TimesNewRoman(0)/m/n/10 expiration, or service unavailability, ensuring a s
mooth and continuous user experience.[] 
 []



[71]
Overfull \hbox (0.15665pt too wide) in paragraph at lines 3543--3548
\TU/TimesNewRoman(0)/m/n/10 distinguishing between different requests. This iss
ue significantly impacted the reliability of the authentication
 []

File: report_media/media/image51.png Graphic file (type bmp)
<report_media/media/image51.png>

Overfull \hbox (19.33087pt too wide) in paragraph at lines 3563--3564
[][] 
 []



[72]
File: report_media/media/image21.png Graphic file (type bmp)
<report_media/media/image21.png>

Overfull \hbox (185.12242pt too wide) in paragraph at lines 3582--3585
\TU/TimesNewRoman(0)/m/n/10 handling complex financial computations.[] 
 []



[73]
Overfull \hbox (9.29483pt too wide) in paragraph at lines 3611--3615
\TU/TimesNewRoman(0)/m/n/10 strategies on the backend. Caching and structured A
PI design helped reduce latency and improve responsiveness. 
 []

File: report_media/media/image49.png Graphic file (type bmp)
<report_media/media/image49.png>

Overfull \hbox (19.33087pt too wide) in paragraph at lines 3618--3619
[][] 
 []



[74]
File: report_media/media/image40.png Graphic file (type bmp)
<report_media/media/image40.png>

Overfull \hbox (19.34091pt too wide) in paragraph at lines 3638--3639
[][] 
 []



[75]
File: report_media/media/image42.png Graphic file (type bmp)
<report_media/media/image42.png>

Overfull \hbox (19.33087pt too wide) in paragraph at lines 3663--3664
[][] 
 []



[76]
File: report_media/media/image85.png Graphic file (type bmp)
<report_media/media/image85.png>

Overfull \hbox (19.35219pt too wide) in paragraph at lines 3679--3680
[][] 
 []



[77]
File: report_media/media/image35.png Graphic file (type bmp)
<report_media/media/image35.png>

Overfull \hbox (19.34145pt too wide) in paragraph at lines 3701--3702
[][] 
 []



[78]
File: report_media/media/image67.png Graphic file (type bmp)
<report_media/media/image67.png>

Overfull \hbox (19.35277pt too wide) in paragraph at lines 3717--3718
[][] 
 []



[79]
File: report_media/media/image13.png Graphic file (type bmp)
<report_media/media/image13.png>

Overfull \hbox (19.34145pt too wide) in paragraph at lines 3739--3740
[][] 
 []



[80]
Overfull \hbox (3.97644pt too wide) in paragraph at lines 3747--3751
[]\TU/TimesNewRoman(0)/m/n/10 The frontend provides a complete account opening 
flow, including product display, selection, and confirmation.
 []

File: report_media/media/image81.png Graphic file (type bmp)
<report_media/media/image81.png>

Overfull \hbox (19.34373pt too wide) in paragraph at lines 3756--3757
[][] 
 []



[81]
File: report_media/media/image74.png Graphic file (type bmp)
<report_media/media/image74.png>

Overfull \hbox (45.45912pt too wide) in paragraph at lines 3784--3786
[][]|   []
 []



[82]

[83]
Underfull \hbox (badness 10000) in paragraph at lines 3914--3915

 []



[84]
Chapter 5.

Package hyperref Warning: Token not allowed in a PDF string (Unicode):
(hyperref)                \kern -5.0pt
(hyperref)                removed on input line 3917.


Overfull \hbox (8.54285pt too wide) in paragraph at lines 3929--3936
\TU/TimesNewRoman(0)/m/n/10 of conventional mobile banking applications, such a
s the lack of financial planning tools, limited personalization,
 []



[85

]
Underfull \hbox (badness 10000) in paragraph at lines 4051--4052

 []



[86]
Overfull \hbox (23.48288pt too wide) in paragraph at lines 4062--4067
\TU/TimesNewRoman(0)/m/n/10 Apache APISIX Documentation. (2024). |   []   |   [
]   |   []   |   [] [][]https://apisix.apache.org/
 []


Overfull \hbox (10.1341pt too wide) in paragraph at lines 4091--4096
[]\TU/TimesNewRoman(0)/m/n/10 Cloudflare. (2025a). |   []   |   []   |   []   |
   []   |   []   |   []. [][]https://developers.cloudflare.com/
 []


Overfull \hbox (50.35692pt too wide) in paragraph at lines 4110--4112
[]\TU/TimesNewRoman(0)/m/n/10 Fowler, M. (2006). |   []   |   []. ThoughtWorks.
 [][]https://martinfowler.com/articles/continuousIntegration.html[][] 
 []


Overfull \hbox (48.55179pt too wide) in paragraph at lines 4147--4150
[]\TU/TimesNewRoman(0)/m/n/10 Kasikornbank. (n.d.). |   []   |   []   |   []   
|   []. Kasikornbank Public Company Limited. [][]https://www.kasikornbank.com[]
[] 
 []


Overfull \hbox (15.48486pt too wide) in paragraph at lines 4151--4154
[]\TU/TimesNewRoman(0)/m/n/10 Krungthai Bank. (n.d.). |   []   |   []. Krungtha
i Bank Public Company Limited. [][]https://www.krungthai.com[][] 
 []



[87]
Missing character: There is no บ in font Times New Roman Bold/OT:script=latn;la
nguage=dflt;letterspace=0.0;letterspace=0;extend=1.0;mapping=tex-text;!
Missing character: There is no ท in font Times New Roman Bold/OT:script=latn;la
nguage=dflt;letterspace=0.0;letterspace=0;extend=1.0;mapping=tex-text;!
Missing character: There is no ท in font Times New Roman Bold/OT:script=latn;la
nguage=dflt;letterspace=0.0;letterspace=0;extend=1.0;mapping=tex-text;!
Missing character: There is no ี in font Times New Roman Bold/OT:script=latn;la
nguage=dflt;letterspace=0.0;letterspace=0;extend=1.0;mapping=tex-text;!
Missing character: There is no ่ in font Times New Roman Bold/OT:script=latn;la
nguage=dflt;letterspace=0.0;letterspace=0;extend=1.0;mapping=tex-text;!
Missing character: There is no แ in font Times New Roman Bold/OT:script=latn;la
nguage=dflt;letterspace=0.0;letterspace=0;extend=1.0;mapping=tex-text;!
Missing character: There is no ต in font Times New Roman Bold/OT:script=latn;la
nguage=dflt;letterspace=0.0;letterspace=0;extend=1.0;mapping=tex-text;!
Missing character: There is no ่ in font Times New Roman Bold/OT:script=latn;la
nguage=dflt;letterspace=0.0;letterspace=0;extend=1.0;mapping=tex-text;!
Missing character: There is no ล in font Times New Roman Bold/OT:script=latn;la
nguage=dflt;letterspace=0.0;letterspace=0;extend=1.0;mapping=tex-text;!
Missing character: There is no ะ in font Times New Roman Bold/OT:script=latn;la
nguage=dflt;letterspace=0.0;letterspace=0;extend=1.0;mapping=tex-text;!
Missing character: There is no ช in font Times New Roman Bold/OT:script=latn;la
nguage=dflt;letterspace=0.0;letterspace=0;extend=1.0;mapping=tex-text;!
Missing character: There is no ่ in font Times New Roman Bold/OT:script=latn;la
nguage=dflt;letterspace=0.0;letterspace=0;extend=1.0;mapping=tex-text;!
Missing character: There is no ว in font Times New Roman Bold/OT:script=latn;la
nguage=dflt;letterspace=0.0;letterspace=0;extend=1.0;mapping=tex-text;!
Missing character: There is no ง in font Times New Roman Bold/OT:script=latn;la
nguage=dflt;letterspace=0.0;letterspace=0;extend=1.0;mapping=tex-text;!
Missing character: There is no ท in font Times New Roman Bold/OT:script=latn;la
nguage=dflt;letterspace=0.0;letterspace=0;extend=1.0;mapping=tex-text;!
Missing character: There is no ำ in font Times New Roman Bold/OT:script=latn;la
nguage=dflt;letterspace=0.0;letterspace=0;extend=1.0;mapping=tex-text;!
Missing character: There is no อ in font Times New Roman Bold/OT:script=latn;la
nguage=dflt;letterspace=0.0;letterspace=0;extend=1.0;mapping=tex-text;!
Missing character: There is no ะ in font Times New Roman Bold/OT:script=latn;la
nguage=dflt;letterspace=0.0;letterspace=0;extend=1.0;mapping=tex-text;!
Missing character: There is no ไ in font Times New Roman Bold/OT:script=latn;la
nguage=dflt;letterspace=0.0;letterspace=0;extend=1.0;mapping=tex-text;!
Missing character: There is no ร in font Times New Roman Bold/OT:script=latn;la
nguage=dflt;letterspace=0.0;letterspace=0;extend=1.0;mapping=tex-text;!


[88]
Missing character: There is no บ in font Times New Roman Bold/OT:script=latn;la
nguage=dflt;letterspace=0.0;letterspace=0;extend=1.0;mapping=tex-text;!
Missing character: There is no ท in font Times New Roman Bold/OT:script=latn;la
nguage=dflt;letterspace=0.0;letterspace=0;extend=1.0;mapping=tex-text;!
Missing character: There is no ท in font Times New Roman Bold/OT:script=latn;la
nguage=dflt;letterspace=0.0;letterspace=0;extend=1.0;mapping=tex-text;!
Missing character: There is no ี in font Times New Roman Bold/OT:script=latn;la
nguage=dflt;letterspace=0.0;letterspace=0;extend=1.0;mapping=tex-text;!
Missing character: There is no ่ in font Times New Roman Bold/OT:script=latn;la
nguage=dflt;letterspace=0.0;letterspace=0;extend=1.0;mapping=tex-text;!
No file project_report.bbl.


[89]

[90]

Package hyperref Warning: bookmark level for unknown apdx defaults to 0.


Package hyperref Warning: Token not allowed in a PDF string (Unicode):
(hyperref)                \hskip 10.0pt
(hyperref)                replaced by space on input line 4365.


Underfull \hbox (badness 10000) in paragraph at lines 4366--4367

 []


LaTeX Warning: Citation `norros95' on page 91 undefined on input line 4379.


LaTeX Warning: Reference `eq:norros' on page 91 undefined on input line 4384.


LaTeX Warning: Citation `kim01' on page 91 undefined on input line 4386.


LaTeX Warning: Reference `eq:loss_mva' on page 91 undefined on input line 4409.



LaTeX Warning: Citation `eun01' on page 91 undefined on input line 4425.


LaTeX Warning: Reference `eq:mx' on page 91 undefined on input line 4428.



[91]

[92]

Package hyperref Warning: Token not allowed in a PDF string (Unicode):
(hyperref)                \hskip 10.0pt
(hyperref)                replaced by space on input line 4437.


Underfull \hbox (badness 10000) in paragraph at lines 4438--4439

 []


Underfull \hbox (badness 10000) in paragraph at lines 4455--4456

 []


LaTeX Warning: Citation `eun01' on page 93 undefined on input line 4461.


LaTeX Warning: Reference `eq:mx' on page 93 undefined on input line 4464.



[93] (project_report.aux)
 ***********
LaTeX2e <2025-11-01>
L3 programming layer <2026-03-20>
 ***********


LaTeX Warning: There were undefined references.


LaTeX Warning: Label(s) may have changed. Rerun to get cross-references right.


Package rerunfilecheck Warning: File `project_report.out' has changed.
(rerunfilecheck)                Rerun to get outlines right
(rerunfilecheck)                or use package `bookmark'.

Package rerunfilecheck Info: Checksums for `project_report.out':
(rerunfilecheck)             Before: <no file>
(rerunfilecheck)             After:  FE9C2089F3C2DFDA6D9A29E802E55478;22603.
 ) 
Here is how much of TeX's memory you used:
 19143 strings out of 404776
 367653 string characters out of 2477446
 809355 words of memory out of 3000000
 47590 multiletter control sequences out of 15000+600000
 630693 words of font info for 76 fonts, out of 8000000 for 9000
 0 hyphenation exceptions out of 8191
 102i,9n,105p,680b,558s stack positions out of 5000i,500n,10000p,200000b,80000s

Output written on project_report.pdf (104 pages).
